-- phpMyAdmin SQL Dump
-- version 3.3.9
-- http://www.phpmyadmin.net
--
-- Host: localhost
-- Generation Time: Sep 24, 2014 at 11:15 AM
-- Server version: 5.5.8
-- PHP Version: 5.3.5

SET SQL_MODE="NO_AUTO_VALUE_ON_ZERO";


/*!40101 SET @OLD_CHARACTER_SET_CLIENT=@@CHARACTER_SET_CLIENT */;
/*!40101 SET @OLD_CHARACTER_SET_RESULTS=@@CHARACTER_SET_RESULTS */;
/*!40101 SET @OLD_COLLATION_CONNECTION=@@COLLATION_CONNECTION */;
/*!40101 SET NAMES utf8 */;

--
-- Database: `cafe_db`
--

-- --------------------------------------------------------

--
-- Table structure for table `ospos_app_config`
--

CREATE TABLE IF NOT EXISTS `ospos_app_config` (
  `key` varchar(255) NOT NULL,
  `value` varchar(255) NOT NULL,
  PRIMARY KEY (`key`)
) ENGINE=InnoDB DEFAULT CHARSET=utf8;

--
-- Dumping data for table `ospos_app_config`
--

INSERT INTO `ospos_app_config` (`key`, `value`) VALUES
('address', '1015 METROPOLITAN AVE. BRGY STA. CRUZ, MAKATI CITY'),
('company', 'M Suite Heart Cafe'),
('currency_side', '0'),
('currency_symbol', ''),
('custom10_name', ''),
('custom1_name', ''),
('custom2_name', ''),
('custom3_name', ''),
('custom4_name', ''),
('custom5_name', ''),
('custom6_name', ''),
('custom7_name', ''),
('custom8_name', ''),
('custom9_name', ''),
('default_tax_1_name', 'VAT'),
('default_tax_1_rate', '12'),
('default_tax_2_name', 'VAT'),
('default_tax_2_rate', '0'),
('default_tax_rate', '8'),
('email', 'julieta.descartin@yahoo.com'),
('fax', ''),
('language', 'english'),
('phone', '007-917-722-000'),
('print_after_sale', 'print_after_sale'),
('return_policy', 'Test'),
('timezone', 'Asia/Hong_Kong'),
('website', '');

-- --------------------------------------------------------

--
-- Table structure for table `ospos_customers`
--

CREATE TABLE IF NOT EXISTS `ospos_customers` (
  `person_id` int(10) NOT NULL,
  `account_number` varchar(255) DEFAULT NULL,
  `taxable` int(1) NOT NULL DEFAULT '1',
  `deleted` int(1) NOT NULL DEFAULT '0',
  UNIQUE KEY `account_number` (`account_number`),
  KEY `person_id` (`person_id`)
) ENGINE=InnoDB DEFAULT CHARSET=utf8;

--
-- Dumping data for table `ospos_customers`
--


-- --------------------------------------------------------

--
-- Table structure for table `ospos_employees`
--

CREATE TABLE IF NOT EXISTS `ospos_employees` (
  `username` varchar(255) NOT NULL,
  `password` varchar(255) NOT NULL,
  `person_id` int(10) NOT NULL,
  `deleted` int(1) NOT NULL DEFAULT '0',
  UNIQUE KEY `username` (`username`),
  KEY `person_id` (`person_id`)
) ENGINE=InnoDB DEFAULT CHARSET=utf8;

--
-- Dumping data for table `ospos_employees`
--

INSERT INTO `ospos_employees` (`username`, `password`, `person_id`, `deleted`) VALUES
('admin', '200ceb26807d6bf99fd6f4f0d1ca54d4', 1, 0),
('casher123', '63ee15ecd676caad830085cf2cb5d9ee', 2, 0);

-- --------------------------------------------------------

--
-- Table structure for table `ospos_giftcards`
--

CREATE TABLE IF NOT EXISTS `ospos_giftcards` (
  `giftcard_id` int(11) NOT NULL AUTO_INCREMENT,
  `giftcard_number` varchar(25) COLLATE utf8_unicode_ci NOT NULL,
  `value` double(15,2) NOT NULL,
  `deleted` int(1) NOT NULL DEFAULT '0',
  `person_id` int(11) NOT NULL,
  PRIMARY KEY (`giftcard_id`),
  UNIQUE KEY `giftcard_number` (`giftcard_number`)
) ENGINE=InnoDB DEFAULT CHARSET=utf8 COLLATE=utf8_unicode_ci AUTO_INCREMENT=1 ;

--
-- Dumping data for table `ospos_giftcards`
--


-- --------------------------------------------------------

--
-- Table structure for table `ospos_inventory`
--

CREATE TABLE IF NOT EXISTS `ospos_inventory` (
  `trans_id` int(11) NOT NULL AUTO_INCREMENT,
  `trans_items` int(11) NOT NULL DEFAULT '0',
  `trans_user` int(11) NOT NULL DEFAULT '0',
  `trans_date` timestamp NOT NULL DEFAULT CURRENT_TIMESTAMP,
  `trans_comment` text NOT NULL,
  `trans_senior` varchar(40) NOT NULL,
  `trans_take_type` varchar(40) NOT NULL,
  `trans_inventory` int(11) NOT NULL DEFAULT '0',
  PRIMARY KEY (`trans_id`),
  KEY `ospos_inventory_ibfk_1` (`trans_items`),
  KEY `ospos_inventory_ibfk_2` (`trans_user`)
) ENGINE=InnoDB  DEFAULT CHARSET=utf8 AUTO_INCREMENT=16 ;

--
-- Dumping data for table `ospos_inventory`
--

INSERT INTO `ospos_inventory` (`trans_id`, `trans_items`, `trans_user`, `trans_date`, `trans_comment`, `trans_senior`, `trans_take_type`, `trans_inventory`) VALUES
(1, 1, 1, '2014-09-18 13:18:13', 'Manual Edit of Quantity', 'Manual Edit of Quantity', 'Manual Edit of Quantity', 1000),
(2, 2, 1, '2014-09-18 13:18:49', 'Manual Edit of Quantity', 'Manual Edit of Quantity', 'Manual Edit of Quantity', 1000),
(3, 1, 1, '2014-09-18 13:20:09', 'POS 1', 'POS 1', 'POS 1', -2),
(4, 2, 1, '2014-09-22 17:04:42', 'Manual Edit of Quantity', 'Manual Edit of Quantity', 'Manual Edit of Quantity', 0),
(5, 2, 1, '2014-09-22 17:36:21', 'Manual Edit of Quantity', 'Manual Edit of Quantity', 'Manual Edit of Quantity', 0),
(6, 2, 1, '2014-09-23 14:32:49', 'Manual Edit of Quantity', 'Manual Edit of Quantity', 'Manual Edit of Quantity', 0),
(7, 2, 1, '2014-09-23 14:45:21', 'Manual Edit of Quantity', 'Manual Edit of Quantity', 'Manual Edit of Quantity', 0),
(8, 2, 1, '2014-09-23 14:45:45', 'POS 2', 'POS 2', 'POS 2', -1),
(9, 2, 1, '2014-09-23 16:06:59', 'POS 3', 'POS 3', 'POS 3', -1),
(10, 2, 1, '2014-09-23 16:10:44', 'POS 4', 'POS 4', 'POS 4', -1),
(11, 1, 1, '2014-09-23 17:31:27', 'POS 5', 'POS 5', 'POS 5', -1),
(12, 1, 1, '2014-09-23 17:33:36', 'POS 6', 'POS 6', 'POS 6', -1),
(13, 2, 1, '2014-09-24 16:59:39', 'Manual Edit of Quantity', 'Manual Edit of Quantity', 'Manual Edit of Quantity', 0),
(14, 2, 1, '2014-09-24 17:12:46', 'Manual Edit of Quantity', 'Manual Edit of Quantity', 'Manual Edit of Quantity', 0),
(15, 2, 1, '2014-09-24 17:13:42', 'POS 7', 'POS 7', 'POS 7', -1);

-- --------------------------------------------------------

--
-- Table structure for table `ospos_items`
--

CREATE TABLE IF NOT EXISTS `ospos_items` (
  `name` varchar(255) NOT NULL,
  `category` varchar(255) NOT NULL,
  `supplier_id` int(11) DEFAULT NULL,
  `item_number` varchar(255) DEFAULT NULL,
  `description` varchar(255) NOT NULL,
  `cost_price` double(15,2) NOT NULL,
  `unit_price` double(15,2) NOT NULL,
  `quantity` double(15,2) NOT NULL DEFAULT '0.00',
  `reorder_level` double(15,2) NOT NULL DEFAULT '0.00',
  `location` varchar(255) NOT NULL,
  `item_id` int(10) NOT NULL AUTO_INCREMENT,
  `allow_alt_description` tinyint(1) NOT NULL,
  `is_serialized` tinyint(1) NOT NULL,
  `deleted` int(1) NOT NULL DEFAULT '0',
  `custom1` varchar(25) NOT NULL,
  `custom2` varchar(25) NOT NULL,
  `custom3` varchar(25) NOT NULL,
  `custom4` varchar(25) NOT NULL,
  `custom5` varchar(25) NOT NULL,
  `custom6` varchar(25) NOT NULL,
  `custom7` varchar(25) NOT NULL,
  `custom8` varchar(25) NOT NULL,
  `custom9` varchar(25) NOT NULL,
  `custom10` varchar(25) NOT NULL,
  PRIMARY KEY (`item_id`),
  UNIQUE KEY `item_number` (`item_number`),
  KEY `ospos_items_ibfk_1` (`supplier_id`)
) ENGINE=InnoDB  DEFAULT CHARSET=utf8 AUTO_INCREMENT=3 ;

--
-- Dumping data for table `ospos_items`
--

INSERT INTO `ospos_items` (`name`, `category`, `supplier_id`, `item_number`, `description`, `cost_price`, `unit_price`, `quantity`, `reorder_level`, `location`, `item_id`, `allow_alt_description`, `is_serialized`, `deleted`, `custom1`, `custom2`, `custom3`, `custom4`, `custom5`, `custom6`, `custom7`, `custom8`, `custom9`, `custom10`) VALUES
('testing-alacart-reg', 'test', NULL, NULL, '', 0.00, 250.00, 996.00, 1000.00, '', 1, 0, 0, 0, '0', '0', '0', '0', '0', '0', '0', '0', '0', '0'),
('testing-alacart-sc', 'test', NULL, NULL, '', 0.00, 250.00, 996.00, 1000.00, '', 2, 0, 0, 0, '0', '0', '0', '0', '0', '0', '0', '0', '0', '0');

-- --------------------------------------------------------

--
-- Table structure for table `ospos_items_taxes`
--

CREATE TABLE IF NOT EXISTS `ospos_items_taxes` (
  `item_id` int(10) NOT NULL,
  `name` varchar(255) NOT NULL,
  `percent` int(15) NOT NULL,
  PRIMARY KEY (`item_id`,`name`,`percent`)
) ENGINE=InnoDB DEFAULT CHARSET=utf8;

--
-- Dumping data for table `ospos_items_taxes`
--

INSERT INTO `ospos_items_taxes` (`item_id`, `name`, `percent`) VALUES
(1, 'VAT', 12),
(2, 'VAT', 0);

-- --------------------------------------------------------

--
-- Table structure for table `ospos_item_kits`
--

CREATE TABLE IF NOT EXISTS `ospos_item_kits` (
  `item_kit_id` int(11) NOT NULL AUTO_INCREMENT,
  `name` varchar(255) NOT NULL,
  `description` varchar(255) NOT NULL,
  PRIMARY KEY (`item_kit_id`)
) ENGINE=InnoDB DEFAULT CHARSET=utf8 AUTO_INCREMENT=1 ;

--
-- Dumping data for table `ospos_item_kits`
--


-- --------------------------------------------------------

--
-- Table structure for table `ospos_item_kit_items`
--

CREATE TABLE IF NOT EXISTS `ospos_item_kit_items` (
  `item_kit_id` int(11) NOT NULL,
  `item_id` int(11) NOT NULL,
  `quantity` double(15,2) NOT NULL,
  PRIMARY KEY (`item_kit_id`,`item_id`,`quantity`),
  KEY `ospos_item_kit_items_ibfk_2` (`item_id`)
) ENGINE=InnoDB DEFAULT CHARSET=utf8;

--
-- Dumping data for table `ospos_item_kit_items`
--


-- --------------------------------------------------------

--
-- Table structure for table `ospos_modules`
--

CREATE TABLE IF NOT EXISTS `ospos_modules` (
  `name_lang_key` varchar(255) NOT NULL,
  `desc_lang_key` varchar(255) NOT NULL,
  `sort` int(10) NOT NULL,
  `module_id` varchar(255) NOT NULL,
  PRIMARY KEY (`module_id`),
  UNIQUE KEY `desc_lang_key` (`desc_lang_key`),
  UNIQUE KEY `name_lang_key` (`name_lang_key`)
) ENGINE=InnoDB DEFAULT CHARSET=utf8;

--
-- Dumping data for table `ospos_modules`
--

INSERT INTO `ospos_modules` (`name_lang_key`, `desc_lang_key`, `sort`, `module_id`) VALUES
('module_config', 'module_config_desc', 100, 'config'),
('module_customers', 'module_customers_desc', 10, 'customers'),
('module_employees', 'module_employees_desc', 80, 'employees'),
('module_giftcards', 'module_giftcards_desc', 90, 'giftcards'),
('module_items', 'module_items_desc', 20, 'items'),
('module_item_kits', 'module_item_kits_desc', 30, 'item_kits'),
('module_receivings', 'module_receivings_desc', 60, 'receivings'),
('module_reports', 'module_reports_desc', 50, 'reports'),
('module_sales', 'module_sales_desc', 70, 'sales'),
('module_suppliers', 'module_suppliers_desc', 40, 'suppliers');

-- --------------------------------------------------------

--
-- Table structure for table `ospos_people`
--

CREATE TABLE IF NOT EXISTS `ospos_people` (
  `first_name` varchar(255) NOT NULL,
  `last_name` varchar(255) NOT NULL,
  `phone_number` varchar(255) NOT NULL,
  `email` varchar(255) NOT NULL,
  `address_1` varchar(255) NOT NULL,
  `address_2` varchar(255) NOT NULL,
  `city` varchar(255) NOT NULL,
  `state` varchar(255) NOT NULL,
  `zip` varchar(255) NOT NULL,
  `country` varchar(255) NOT NULL,
  `comments` text NOT NULL,
  `person_id` int(10) NOT NULL AUTO_INCREMENT,
  PRIMARY KEY (`person_id`)
) ENGINE=InnoDB  DEFAULT CHARSET=utf8 AUTO_INCREMENT=3 ;

--
-- Dumping data for table `ospos_people`
--

INSERT INTO `ospos_people` (`first_name`, `last_name`, `phone_number`, `email`, `address_1`, `address_2`, `city`, `state`, `zip`, `country`, `comments`, `person_id`) VALUES
('Julz', 'Rubis', '09228467412', 'julieta.descartin@yahoo.com', 'Paranaque', '', '', '', '', '', '0', 1),
('Juvz', 'Vallecera', '', '', '', '', '', '', '', '', '0', 2);

-- --------------------------------------------------------

--
-- Table structure for table `ospos_permissions`
--

CREATE TABLE IF NOT EXISTS `ospos_permissions` (
  `module_id` varchar(255) NOT NULL,
  `person_id` int(10) NOT NULL,
  PRIMARY KEY (`module_id`,`person_id`),
  KEY `person_id` (`person_id`)
) ENGINE=InnoDB DEFAULT CHARSET=utf8;

--
-- Dumping data for table `ospos_permissions`
--

INSERT INTO `ospos_permissions` (`module_id`, `person_id`) VALUES
('config', 1),
('customers', 1),
('employees', 1),
('items', 1),
('reports', 1),
('sales', 1),
('customers', 2),
('sales', 2);

-- --------------------------------------------------------

--
-- Table structure for table `ospos_receivings`
--

CREATE TABLE IF NOT EXISTS `ospos_receivings` (
  `receiving_time` timestamp NOT NULL DEFAULT CURRENT_TIMESTAMP,
  `supplier_id` int(10) DEFAULT NULL,
  `employee_id` int(10) NOT NULL DEFAULT '0',
  `comment` text NOT NULL,
  `senior` varchar(40) NOT NULL,
  `take_type` varchar(40) NOT NULL,
  `receiving_id` int(10) NOT NULL AUTO_INCREMENT,
  `payment_type` varchar(20) DEFAULT NULL,
  PRIMARY KEY (`receiving_id`),
  KEY `supplier_id` (`supplier_id`),
  KEY `employee_id` (`employee_id`)
) ENGINE=InnoDB DEFAULT CHARSET=utf8 AUTO_INCREMENT=1 ;

--
-- Dumping data for table `ospos_receivings`
--


-- --------------------------------------------------------

--
-- Table structure for table `ospos_receivings_items`
--

CREATE TABLE IF NOT EXISTS `ospos_receivings_items` (
  `receiving_id` int(10) NOT NULL DEFAULT '0',
  `item_id` int(10) NOT NULL DEFAULT '0',
  `description` varchar(30) DEFAULT NULL,
  `serialnumber` varchar(30) DEFAULT NULL,
  `line` int(3) NOT NULL,
  `quantity_purchased` int(10) NOT NULL DEFAULT '0',
  `item_cost_price` decimal(15,2) NOT NULL,
  `item_unit_price` double(15,2) NOT NULL,
  `discount_percent` int(11) NOT NULL DEFAULT '0',
  PRIMARY KEY (`receiving_id`,`item_id`,`line`),
  KEY `item_id` (`item_id`)
) ENGINE=InnoDB DEFAULT CHARSET=utf8;

--
-- Dumping data for table `ospos_receivings_items`
--


-- --------------------------------------------------------

--
-- Table structure for table `ospos_sales`
--

CREATE TABLE IF NOT EXISTS `ospos_sales` (
  `sale_time` timestamp NOT NULL DEFAULT CURRENT_TIMESTAMP,
  `customer_id` int(10) DEFAULT NULL,
  `employee_id` int(10) NOT NULL DEFAULT '0',
  `comment` text NOT NULL,
  `senior` varchar(40) NOT NULL,
  `take_type` varchar(40) NOT NULL,
  `sale_id` int(6) unsigned zerofill NOT NULL AUTO_INCREMENT,
  `payment_type` varchar(512) DEFAULT NULL,
  PRIMARY KEY (`sale_id`),
  KEY `customer_id` (`customer_id`),
  KEY `employee_id` (`employee_id`)
) ENGINE=InnoDB  DEFAULT CHARSET=utf8 AUTO_INCREMENT=8 ;

--
-- Dumping data for table `ospos_sales`
--

INSERT INTO `ospos_sales` (`sale_time`, `customer_id`, `employee_id`, `comment`, `senior`, `take_type`, `sale_id`, `payment_type`) VALUES
('2014-09-18 13:20:09', NULL, 1, '', '0', '0', 000001, 'Cash: Php1000.00<br />'),
('2014-09-23 14:45:45', NULL, 1, '', '0', '0', 000002, 'Cash: Php178.57<br />'),
('2014-09-23 16:06:59', NULL, 1, '', '0', '0', 000003, 'Cash: Php178.57<br />'),
('2014-09-23 16:10:44', NULL, 1, '', '0', '0', 000004, 'Cash: Php178.57<br />'),
('2014-09-23 17:31:27', NULL, 1, '', '0', '0', 000005, 'Cash: Php250.00<br />'),
('2014-09-23 17:33:36', NULL, 1, '', '0', '0', 000006, 'Cash: Php250.00<br />'),
('2014-09-24 17:13:41', NULL, 1, '', '0', '0', 000007, 'Cash: Php178.57<br />');

-- --------------------------------------------------------

--
-- Table structure for table `ospos_sales_items`
--

CREATE TABLE IF NOT EXISTS `ospos_sales_items` (
  `sale_id` int(6) unsigned zerofill NOT NULL DEFAULT '000000',
  `item_id` int(10) NOT NULL DEFAULT '0',
  `description` varchar(30) DEFAULT NULL,
  `serialnumber` varchar(30) DEFAULT NULL,
  `line` int(3) NOT NULL DEFAULT '0',
  `quantity_purchased` double(15,2) NOT NULL DEFAULT '0.00',
  `item_cost_price` decimal(15,2) NOT NULL,
  `item_unit_price` double(15,2) NOT NULL,
  `discount_percent` int(11) NOT NULL DEFAULT '0',
  PRIMARY KEY (`sale_id`,`item_id`,`line`),
  KEY `item_id` (`item_id`)
) ENGINE=InnoDB DEFAULT CHARSET=utf8;

--
-- Dumping data for table `ospos_sales_items`
--

INSERT INTO `ospos_sales_items` (`sale_id`, `item_id`, `description`, `serialnumber`, `line`, `quantity_purchased`, `item_cost_price`, `item_unit_price`, `discount_percent`) VALUES
(000001, 1, '', '', 1, 2.00, 0.00, 250.00, 0),
(000002, 2, '', '', 1, 1.00, 0.00, 250.00, 20),
(000003, 2, '', '', 1, 1.00, 0.00, 250.00, 20),
(000004, 2, '', '', 1, 1.00, 0.00, 250.00, 20),
(000005, 1, '', '', 1, 1.00, 0.00, 250.00, 0),
(000006, 1, '', '', 1, 1.00, 0.00, 250.00, 0),
(000007, 2, '', '', 1, 1.00, 0.00, 250.00, 20);

-- --------------------------------------------------------

--
-- Table structure for table `ospos_sales_items_taxes`
--

CREATE TABLE IF NOT EXISTS `ospos_sales_items_taxes` (
  `sale_id` int(6) unsigned zerofill NOT NULL,
  `item_id` int(10) NOT NULL,
  `line` int(3) NOT NULL DEFAULT '0',
  `name` varchar(255) NOT NULL,
  `percent` double(15,3) NOT NULL,
  PRIMARY KEY (`sale_id`,`item_id`,`line`,`name`,`percent`),
  KEY `item_id` (`item_id`)
) ENGINE=InnoDB DEFAULT CHARSET=utf8;

--
-- Dumping data for table `ospos_sales_items_taxes`
--

INSERT INTO `ospos_sales_items_taxes` (`sale_id`, `item_id`, `line`, `name`, `percent`) VALUES
(000001, 1, 1, 'VAT', 12.000),
(000005, 1, 1, 'VAT', 12.000),
(000006, 1, 1, 'VAT', 12.000),
(000002, 2, 1, 'VAT', 0.000),
(000003, 2, 1, 'VAT', 0.000),
(000004, 2, 1, 'VAT', 0.000),
(000007, 2, 1, 'VAT', 0.000);

-- --------------------------------------------------------

--
-- Table structure for table `ospos_sales_payments`
--

CREATE TABLE IF NOT EXISTS `ospos_sales_payments` (
  `sale_id` int(6) unsigned zerofill NOT NULL,
  `payment_type` varchar(40) NOT NULL,
  `payment_amount` decimal(15,2) NOT NULL,
  PRIMARY KEY (`sale_id`,`payment_type`)
) ENGINE=InnoDB DEFAULT CHARSET=utf8;

--
-- Dumping data for table `ospos_sales_payments`
--

INSERT INTO `ospos_sales_payments` (`sale_id`, `payment_type`, `payment_amount`) VALUES
(000001, 'Cash', 1000.00),
(000002, 'Cash', 178.57),
(000003, 'Cash', 178.57),
(000004, 'Cash', 178.57),
(000005, 'Cash', 250.00),
(000006, 'Cash', 250.00),
(000007, 'Cash', 178.57);

-- --------------------------------------------------------

--
-- Table structure for table `ospos_sales_suspended`
--

CREATE TABLE IF NOT EXISTS `ospos_sales_suspended` (
  `sale_time` timestamp NOT NULL DEFAULT CURRENT_TIMESTAMP,
  `customer_id` int(10) DEFAULT NULL,
  `employee_id` int(10) NOT NULL DEFAULT '0',
  `comment` text NOT NULL,
  `sale_id` int(6) unsigned zerofill NOT NULL AUTO_INCREMENT,
  `payment_type` varchar(512) DEFAULT NULL,
  PRIMARY KEY (`sale_id`),
  KEY `customer_id` (`customer_id`),
  KEY `employee_id` (`employee_id`)
) ENGINE=InnoDB DEFAULT CHARSET=utf8 AUTO_INCREMENT=1 ;

--
-- Dumping data for table `ospos_sales_suspended`
--


-- --------------------------------------------------------

--
-- Table structure for table `ospos_sales_suspended_items`
--

CREATE TABLE IF NOT EXISTS `ospos_sales_suspended_items` (
  `sale_id` int(6) unsigned zerofill NOT NULL DEFAULT '000000',
  `item_id` int(10) NOT NULL DEFAULT '0',
  `description` varchar(30) DEFAULT NULL,
  `serialnumber` varchar(30) DEFAULT NULL,
  `line` int(3) NOT NULL DEFAULT '0',
  `quantity_purchased` double(15,2) NOT NULL DEFAULT '0.00',
  `item_cost_price` decimal(15,2) NOT NULL,
  `item_unit_price` double(15,2) NOT NULL,
  `discount_percent` int(11) NOT NULL DEFAULT '0',
  PRIMARY KEY (`sale_id`,`item_id`,`line`),
  KEY `item_id` (`item_id`)
) ENGINE=InnoDB DEFAULT CHARSET=utf8;

--
-- Dumping data for table `ospos_sales_suspended_items`
--


-- --------------------------------------------------------

--
-- Table structure for table `ospos_sales_suspended_items_taxes`
--

CREATE TABLE IF NOT EXISTS `ospos_sales_suspended_items_taxes` (
  `sale_id` int(6) unsigned zerofill NOT NULL,
  `item_id` int(10) NOT NULL,
  `line` int(3) NOT NULL DEFAULT '0',
  `name` varchar(255) NOT NULL,
  `percent` double(15,3) NOT NULL,
  PRIMARY KEY (`sale_id`,`item_id`,`line`,`name`,`percent`),
  KEY `item_id` (`item_id`)
) ENGINE=InnoDB DEFAULT CHARSET=utf8;

--
-- Dumping data for table `ospos_sales_suspended_items_taxes`
--


-- --------------------------------------------------------

--
-- Table structure for table `ospos_sales_suspended_payments`
--

CREATE TABLE IF NOT EXISTS `ospos_sales_suspended_payments` (
  `sale_id` int(6) unsigned zerofill NOT NULL,
  `payment_type` varchar(40) NOT NULL,
  `payment_amount` decimal(15,2) NOT NULL,
  PRIMARY KEY (`sale_id`,`payment_type`)
) ENGINE=InnoDB DEFAULT CHARSET=utf8;

--
-- Dumping data for table `ospos_sales_suspended_payments`
--


-- --------------------------------------------------------

--
-- Table structure for table `ospos_sessions`
--

CREATE TABLE IF NOT EXISTS `ospos_sessions` (
  `session_id` varchar(40) NOT NULL DEFAULT '0',
  `ip_address` varchar(16) NOT NULL DEFAULT '0',
  `user_agent` varchar(120) NOT NULL,
  `last_activity` int(10) unsigned NOT NULL DEFAULT '0',
  `user_data` text,
  PRIMARY KEY (`session_id`)
) ENGINE=InnoDB DEFAULT CHARSET=utf8;

--
-- Dumping data for table `ospos_sessions`
--

INSERT INTO `ospos_sessions` (`session_id`, `ip_address`, `user_agent`, `last_activity`, `user_data`) VALUES
('5ba5199482356f10846d1f2bbaa5aa2d', '127.0.0.1', 'Mozilla/5.0 (Windows NT 6.1; rv:32.0) Gecko/20100101 Firefox/32.0', 1411549799, 'a:2:{s:9:"user_data";s:0:"";s:9:"person_id";s:1:"1";}');

-- --------------------------------------------------------

--
-- Table structure for table `ospos_suppliers`
--

CREATE TABLE IF NOT EXISTS `ospos_suppliers` (
  `person_id` int(10) NOT NULL,
  `company_name` varchar(255) NOT NULL,
  `account_number` varchar(255) DEFAULT NULL,
  `deleted` int(1) NOT NULL DEFAULT '0',
  UNIQUE KEY `account_number` (`account_number`),
  KEY `person_id` (`person_id`)
) ENGINE=InnoDB DEFAULT CHARSET=utf8;

--
-- Dumping data for table `ospos_suppliers`
--


--
-- Constraints for dumped tables
--

--
-- Constraints for table `ospos_customers`
--
ALTER TABLE `ospos_customers`
  ADD CONSTRAINT `ospos_customers_ibfk_1` FOREIGN KEY (`person_id`) REFERENCES `ospos_people` (`person_id`);

--
-- Constraints for table `ospos_employees`
--
ALTER TABLE `ospos_employees`
  ADD CONSTRAINT `ospos_employees_ibfk_1` FOREIGN KEY (`person_id`) REFERENCES `ospos_people` (`person_id`);

--
-- Constraints for table `ospos_inventory`
--
ALTER TABLE `ospos_inventory`
  ADD CONSTRAINT `ospos_inventory_ibfk_1` FOREIGN KEY (`trans_items`) REFERENCES `ospos_items` (`item_id`),
  ADD CONSTRAINT `ospos_inventory_ibfk_2` FOREIGN KEY (`trans_user`) REFERENCES `ospos_employees` (`person_id`);

--
-- Constraints for table `ospos_items`
--
ALTER TABLE `ospos_items`
  ADD CONSTRAINT `ospos_items_ibfk_1` FOREIGN KEY (`supplier_id`) REFERENCES `ospos_suppliers` (`person_id`);

--
-- Constraints for table `ospos_items_taxes`
--
ALTER TABLE `ospos_items_taxes`
  ADD CONSTRAINT `ospos_items_taxes_ibfk_1` FOREIGN KEY (`item_id`) REFERENCES `ospos_items` (`item_id`) ON DELETE CASCADE;

--
-- Constraints for table `ospos_item_kit_items`
--
ALTER TABLE `ospos_item_kit_items`
  ADD CONSTRAINT `ospos_item_kit_items_ibfk_1` FOREIGN KEY (`item_kit_id`) REFERENCES `ospos_item_kits` (`item_kit_id`) ON DELETE CASCADE,
  ADD CONSTRAINT `ospos_item_kit_items_ibfk_2` FOREIGN KEY (`item_id`) REFERENCES `ospos_items` (`item_id`) ON DELETE CASCADE;

--
-- Constraints for table `ospos_permissions`
--
ALTER TABLE `ospos_permissions`
  ADD CONSTRAINT `ospos_permissions_ibfk_1` FOREIGN KEY (`person_id`) REFERENCES `ospos_employees` (`person_id`),
  ADD CONSTRAINT `ospos_permissions_ibfk_2` FOREIGN KEY (`module_id`) REFERENCES `ospos_modules` (`module_id`);

--
-- Constraints for table `ospos_receivings`
--
ALTER TABLE `ospos_receivings`
  ADD CONSTRAINT `ospos_receivings_ibfk_1` FOREIGN KEY (`employee_id`) REFERENCES `ospos_employees` (`person_id`),
  ADD CONSTRAINT `ospos_receivings_ibfk_2` FOREIGN KEY (`supplier_id`) REFERENCES `ospos_suppliers` (`person_id`);

--
-- Constraints for table `ospos_receivings_items`
--
ALTER TABLE `ospos_receivings_items`
  ADD CONSTRAINT `ospos_receivings_items_ibfk_1` FOREIGN KEY (`item_id`) REFERENCES `ospos_items` (`item_id`),
  ADD CONSTRAINT `ospos_receivings_items_ibfk_2` FOREIGN KEY (`receiving_id`) REFERENCES `ospos_receivings` (`receiving_id`);

--
-- Constraints for table `ospos_sales`
--
ALTER TABLE `ospos_sales`
  ADD CONSTRAINT `ospos_sales_ibfk_1` FOREIGN KEY (`employee_id`) REFERENCES `ospos_employees` (`person_id`),
  ADD CONSTRAINT `ospos_sales_ibfk_2` FOREIGN KEY (`customer_id`) REFERENCES `ospos_customers` (`person_id`);

--
-- Constraints for table `ospos_sales_items`
--
ALTER TABLE `ospos_sales_items`
  ADD CONSTRAINT `ospos_sales_items_ibfk_1` FOREIGN KEY (`item_id`) REFERENCES `ospos_items` (`item_id`),
  ADD CONSTRAINT `ospos_sales_items_ibfk_2` FOREIGN KEY (`sale_id`) REFERENCES `ospos_sales` (`sale_id`);

--
-- Constraints for table `ospos_sales_items_taxes`
--
ALTER TABLE `ospos_sales_items_taxes`
  ADD CONSTRAINT `ospos_sales_items_taxes_ibfk_1` FOREIGN KEY (`sale_id`) REFERENCES `ospos_sales_items` (`sale_id`),
  ADD CONSTRAINT `ospos_sales_items_taxes_ibfk_2` FOREIGN KEY (`item_id`) REFERENCES `ospos_items` (`item_id`);

--
-- Constraints for table `ospos_sales_payments`
--
ALTER TABLE `ospos_sales_payments`
  ADD CONSTRAINT `ospos_sales_payments_ibfk_1` FOREIGN KEY (`sale_id`) REFERENCES `ospos_sales` (`sale_id`);

--
-- Constraints for table `ospos_sales_suspended`
--
ALTER TABLE `ospos_sales_suspended`
  ADD CONSTRAINT `ospos_sales_suspended_ibfk_1` FOREIGN KEY (`employee_id`) REFERENCES `ospos_employees` (`person_id`),
  ADD CONSTRAINT `ospos_sales_suspended_ibfk_2` FOREIGN KEY (`customer_id`) REFERENCES `ospos_customers` (`person_id`);

--
-- Constraints for table `ospos_sales_suspended_items`
--
ALTER TABLE `ospos_sales_suspended_items`
  ADD CONSTRAINT `ospos_sales_suspended_items_ibfk_1` FOREIGN KEY (`item_id`) REFERENCES `ospos_items` (`item_id`),
  ADD CONSTRAINT `ospos_sales_suspended_items_ibfk_2` FOREIGN KEY (`sale_id`) REFERENCES `ospos_sales_suspended` (`sale_id`);

--
-- Constraints for table `ospos_sales_suspended_items_taxes`
--
ALTER TABLE `ospos_sales_suspended_items_taxes`
  ADD CONSTRAINT `ospos_sales_suspended_items_taxes_ibfk_1` FOREIGN KEY (`sale_id`) REFERENCES `ospos_sales_suspended_items` (`sale_id`),
  ADD CONSTRAINT `ospos_sales_suspended_items_taxes_ibfk_2` FOREIGN KEY (`item_id`) REFERENCES `ospos_items` (`item_id`);

--
-- Constraints for table `ospos_sales_suspended_payments`
--
ALTER TABLE `ospos_sales_suspended_payments`
  ADD CONSTRAINT `ospos_sales_suspended_payments_ibfk_1` FOREIGN KEY (`sale_id`) REFERENCES `ospos_sales_suspended` (`sale_id`);

--
-- Constraints for table `ospos_suppliers`
--
ALTER TABLE `ospos_suppliers`
  ADD CONSTRAINT `ospos_suppliers_ibfk_1` FOREIGN KEY (`person_id`) REFERENCES `ospos_people` (`person_id`);
