-- phpMyAdmin SQL Dump
-- version 3.3.9
-- http://www.phpmyadmin.net
--
-- Host: localhost
-- Generation Time: Sep 10, 2014 at 03:08 PM
-- Server version: 5.5.8
-- PHP Version: 5.3.5

SET SQL_MODE="NO_AUTO_VALUE_ON_ZERO";


/*!40101 SET @OLD_CHARACTER_SET_CLIENT=@@CHARACTER_SET_CLIENT */;
/*!40101 SET @OLD_CHARACTER_SET_RESULTS=@@CHARACTER_SET_RESULTS */;
/*!40101 SET @OLD_COLLATION_CONNECTION=@@COLLATION_CONNECTION */;
/*!40101 SET NAMES utf8 */;

--
-- Database: `org_pos`
--

-- --------------------------------------------------------

--
-- Table structure for table `ospos_app_config`
--

CREATE TABLE IF NOT EXISTS `ospos_app_config` (
  `key` varchar(255) NOT NULL,
  `value` varchar(255) NOT NULL,
  PRIMARY KEY (`key`)
) ENGINE=InnoDB DEFAULT CHARSET=utf8;

--
-- Dumping data for table `ospos_app_config`
--

INSERT INTO `ospos_app_config` (`key`, `value`) VALUES
('address', 'Metroheart Properties Inc.\n1015 Metropolitan Ave., Makati City, Metro Manila, Philippines 1205'),
('company', 'MSuites Heart Cafe'),
('currency_side', '0'),
('currency_symbol', ''),
('custom10_name', ''),
('custom1_name', ''),
('custom2_name', ''),
('custom3_name', ''),
('custom4_name', ''),
('custom5_name', ''),
('custom6_name', ''),
('custom7_name', ''),
('custom8_name', ''),
('custom9_name', ''),
('default_tax_1_name', 'VAT'),
('default_tax_1_rate', '12'),
('default_tax_2_name', 'VAT'),
('default_tax_2_rate', '0'),
('default_tax_rate', '8'),
('email', 'info.msuites@gmail.com'),
('fax', ''),
('language', 'english'),
('phone', 'Tin#: 007-'),
('print_after_sale', 'print_after_sale'),
('return_policy', 'Test'),
('timezone', 'Asia/Hong_Kong'),
('website', '');

-- --------------------------------------------------------

--
-- Table structure for table `ospos_customers`
--

CREATE TABLE IF NOT EXISTS `ospos_customers` (
  `person_id` int(10) NOT NULL,
  `account_number` varchar(255) DEFAULT NULL,
  `taxable` int(1) NOT NULL DEFAULT '1',
  `deleted` int(1) NOT NULL DEFAULT '0',
  UNIQUE KEY `account_number` (`account_number`),
  KEY `person_id` (`person_id`)
) ENGINE=InnoDB DEFAULT CHARSET=utf8;

--
-- Dumping data for table `ospos_customers`
--

INSERT INTO `ospos_customers` (`person_id`, `account_number`, `taxable`, `deleted`) VALUES
(2, NULL, 1, 0),
(3, NULL, 1, 0),
(4, NULL, 1, 1);

-- --------------------------------------------------------

--
-- Table structure for table `ospos_employees`
--

CREATE TABLE IF NOT EXISTS `ospos_employees` (
  `username` varchar(255) NOT NULL,
  `password` varchar(255) NOT NULL,
  `person_id` int(10) NOT NULL,
  `deleted` int(1) NOT NULL DEFAULT '0',
  UNIQUE KEY `username` (`username`),
  KEY `person_id` (`person_id`)
) ENGINE=InnoDB DEFAULT CHARSET=utf8;

--
-- Dumping data for table `ospos_employees`
--

INSERT INTO `ospos_employees` (`username`, `password`, `person_id`, `deleted`) VALUES
('admin', '439a6de57d475c1a0ba9bcb1c39f0af6', 1, 0);

-- --------------------------------------------------------

--
-- Table structure for table `ospos_giftcards`
--

CREATE TABLE IF NOT EXISTS `ospos_giftcards` (
  `giftcard_id` int(11) NOT NULL AUTO_INCREMENT,
  `giftcard_number` varchar(25) COLLATE utf8_unicode_ci NOT NULL,
  `value` double(15,2) NOT NULL,
  `deleted` int(1) NOT NULL DEFAULT '0',
  `person_id` int(11) NOT NULL,
  PRIMARY KEY (`giftcard_id`),
  UNIQUE KEY `giftcard_number` (`giftcard_number`)
) ENGINE=InnoDB DEFAULT CHARSET=utf8 COLLATE=utf8_unicode_ci AUTO_INCREMENT=1 ;

--
-- Dumping data for table `ospos_giftcards`
--


-- --------------------------------------------------------

--
-- Table structure for table `ospos_inventory`
--

CREATE TABLE IF NOT EXISTS `ospos_inventory` (
  `trans_id` int(11) NOT NULL AUTO_INCREMENT,
  `trans_items` int(11) NOT NULL DEFAULT '0',
  `trans_user` int(11) NOT NULL DEFAULT '0',
  `trans_date` timestamp NOT NULL DEFAULT CURRENT_TIMESTAMP,
  `trans_comment` text NOT NULL,
  `trans_senior` varchar(50) NOT NULL,
  `trans_take_type` varchar(40) NOT NULL,
  `trans_or_id` int(10) NOT NULL,
  `trans_inventory` int(11) NOT NULL DEFAULT '0',
  PRIMARY KEY (`trans_id`),
  KEY `ospos_inventory_ibfk_1` (`trans_items`),
  KEY `ospos_inventory_ibfk_2` (`trans_user`)
) ENGINE=InnoDB  DEFAULT CHARSET=utf8 AUTO_INCREMENT=474 ;

--
-- Dumping data for table `ospos_inventory`
--

INSERT INTO `ospos_inventory` (`trans_id`, `trans_items`, `trans_user`, `trans_date`, `trans_comment`, `trans_senior`, `trans_take_type`, `trans_or_id`, `trans_inventory`) VALUES
(1, 1, 1, '2014-06-27 12:17:22', 'Manual Edit of Quantity', '', '', 0, 1000),
(2, 2, 1, '2014-06-27 12:18:23', 'Manual Edit of Quantity', '', '', 0, 1000),
(3, 1, 1, '2014-06-28 00:19:27', 'Manual Edit of Quantity', '', '', 0, 0),
(4, 2, 1, '2014-06-28 00:20:36', 'POS 1', '', '', 0, -1),
(5, 1, 1, '2014-06-28 00:25:38', 'POS 2', '', '', 0, -1),
(6, 1, 1, '2014-06-28 00:35:59', 'POS 3', '', '', 0, -1),
(7, 1, 1, '2014-06-28 00:39:35', 'POS 4', '', '', 0, -1),
(8, 1, 1, '2014-06-28 00:39:56', 'POS 5', '', '', 0, -1),
(9, 1, 1, '2014-06-28 00:53:51', 'POS 6', '', '', 0, -1),
(10, 1, 1, '2014-06-28 00:57:13', 'POS 7', '', '', 0, -1),
(11, 1, 1, '2014-06-28 00:58:04', 'POS 8', '', '', 0, -1),
(12, 1, 1, '2014-06-28 01:00:34', 'POS 9', '', '', 0, -1),
(13, 1, 1, '2014-06-28 01:05:07', 'POS 10', '', '', 0, -1),
(14, 1, 1, '2014-06-28 01:07:02', 'POS 11', '', '', 0, -1),
(15, 1, 1, '2014-06-28 01:07:46', 'POS 12', '', '', 0, -1),
(16, 1, 1, '2005-08-01 00:09:19', 'POS 13', '', '', 0, -1),
(17, 1, 1, '2005-08-01 00:10:29', 'POS 14', '', '', 0, -1),
(18, 1, 1, '2005-08-01 00:12:18', 'POS 15', '', '', 0, -1),
(19, 1, 1, '2005-08-01 00:19:23', 'POS 16', '', '', 0, -1),
(20, 1, 1, '2005-08-01 00:19:49', 'POS 17', '', '', 0, -1),
(21, 1, 1, '2005-08-01 00:22:27', 'POS 18', '', '', 0, -1),
(22, 1, 1, '2005-08-01 00:23:43', 'POS 19', '', '', 0, -1),
(23, 1, 1, '2005-08-01 00:30:21', 'POS 20', '', '', 0, -1),
(24, 1, 1, '2014-06-29 00:05:39', 'POS 21', '', '', 0, -1),
(25, 1, 1, '2014-06-29 03:16:20', 'POS 22', '', '', 0, -1),
(26, 1, 1, '2014-06-29 03:26:30', 'POS 23', '', '', 0, -1),
(27, 1, 1, '2014-06-29 03:27:50', 'POS 24', '', '', 0, -1),
(28, 1, 1, '2014-06-29 03:29:52', 'POS 25', '', '', 0, -1),
(29, 1, 1, '2014-06-29 03:30:38', 'POS 26', '', '', 0, -1),
(30, 1, 1, '2014-06-29 03:33:42', 'POS 27', '', '', 0, -1),
(31, 1, 1, '2014-06-29 03:36:33', 'POS 28', '', '', 0, -1),
(32, 1, 1, '2014-06-29 03:43:15', 'POS 29', '', '', 0, -1),
(33, 1, 1, '2014-06-29 03:59:32', 'POS 30', '', '', 0, -1),
(34, 1, 1, '2014-06-29 19:45:53', 'POS 31', '', '', 0, -1),
(35, 1, 1, '2014-06-29 19:48:10', 'POS 32', '', '', 0, -1),
(36, 1, 1, '2014-06-29 20:21:38', 'POS 33', '', '', 0, -1),
(37, 1, 1, '2014-06-29 20:29:23', 'POS 35', '', '', 0, -1),
(38, 1, 1, '2014-06-29 20:31:54', 'POS 36', '', '', 0, -1),
(39, 1, 1, '2014-06-29 20:36:23', 'POS 37', '', '', 0, -1),
(40, 1, 1, '2014-06-28 16:20:47', 'POS 38', '', '', 0, -1),
(41, 1, 1, '2014-06-28 16:55:22', 'POS 39', '', '', 0, -1),
(42, 1, 1, '2014-06-28 19:34:46', 'POS 40', '', '', 0, -1),
(43, 1, 1, '2014-06-28 19:37:22', 'POS 41', '', '', 0, -1),
(44, 1, 1, '2014-06-28 19:38:01', 'POS 42', '', '', 0, -1),
(45, 1, 1, '2014-06-28 19:40:21', 'POS 43', '', '', 0, -1),
(46, 1, 1, '2014-06-28 20:45:52', 'POS 44', '', '', 0, -1),
(47, 1, 1, '2014-06-28 20:47:10', 'POS 45', '', '', 0, -1),
(48, 1, 1, '2014-06-28 20:47:55', 'POS 46', '', '', 0, -1),
(49, 1, 1, '2014-06-29 18:40:31', 'POS 48', '', '', 0, -1),
(50, 1, 1, '2014-06-29 19:29:23', 'POS 49', '', '', 0, -1),
(51, 1, 1, '2014-06-29 21:32:16', 'POS 50', '', '', 0, -1),
(52, 1, 1, '2014-06-29 21:50:02', 'POS 51', '', '', 0, -1),
(53, 1, 1, '2014-06-29 22:01:14', 'POS 52', '', '', 0, -1),
(54, 1, 1, '2014-06-30 17:41:59', 'POS 53', '', '', 0, -1),
(55, 1, 1, '2014-06-30 17:51:23', 'POS 54', '', '', 0, -1),
(56, 1, 1, '2014-06-30 17:53:35', 'POS 55', '', '', 0, -1),
(57, 1, 1, '2014-06-30 18:06:14', 'POS 56', '', '', 0, -1),
(58, 1, 1, '2014-07-05 16:57:10', 'POS 57', '', '', 0, -1),
(59, 1, 1, '2014-07-05 18:05:00', 'POS 58', '', '', 0, -1),
(60, 1, 1, '2014-07-05 18:09:50', 'POS 59', '', '', 0, -1),
(61, 1, 1, '2014-07-05 18:10:06', 'POS 60', '', '', 0, -1),
(62, 1, 1, '2014-07-05 18:33:27', 'POS 61', '', '', 0, -1),
(63, 1, 1, '2014-07-05 18:38:23', 'POS 62', '', '', 0, -1),
(64, 1, 1, '2014-07-05 18:39:19', 'POS 63', '', '', 0, -1),
(65, 1, 1, '2014-07-05 18:41:44', 'POS 64', '', '', 0, -1),
(66, 1, 1, '2014-07-05 18:53:50', 'POS 65', '', '', 0, -1),
(67, 1, 1, '2014-07-05 18:57:02', 'POS 66', '', '', 0, -1),
(68, 1, 1, '2014-07-05 18:58:23', 'POS 67', '', '', 0, -1),
(69, 1, 1, '2014-07-05 19:05:17', 'POS 68', '', '', 0, -1),
(70, 1, 1, '2014-07-05 19:13:47', 'POS 69', '', '', 0, -1),
(71, 1, 1, '2014-07-05 19:14:57', 'POS 70', '', '', 0, -1),
(72, 1, 1, '2014-07-05 19:20:43', 'POS 71', '', '', 0, -1),
(73, 1, 1, '2014-07-05 19:23:40', 'POS 72', '', '', 0, -1),
(74, 1, 1, '2014-07-05 19:26:23', 'POS 73', '', '', 0, -1),
(75, 1, 1, '2014-07-05 19:30:17', 'POS 74', '', '', 0, -1),
(76, 1, 1, '2014-07-05 19:32:21', 'POS 75', '', '', 0, -1),
(77, 1, 1, '2014-07-05 19:35:16', 'POS 76', '', '', 0, -1),
(78, 1, 1, '2014-07-05 19:36:47', 'POS 77', '', '', 0, -1),
(79, 1, 1, '2014-07-05 19:50:02', 'POS 78', '', '', 0, -1),
(80, 1, 1, '2014-07-05 22:39:37', 'POS 79', '', '', 0, -3),
(81, 1, 1, '2014-07-05 22:44:45', 'POS 80', '', '', 0, -1),
(82, 1, 1, '2014-07-06 22:34:54', 'POS 81', '', '', 0, -1),
(83, 1, 1, '2014-07-06 22:40:23', 'POS 82', '', '', 0, -1),
(84, 1, 1, '2014-07-06 22:45:35', 'POS 83', '', '', 0, -1),
(85, 1, 1, '2014-07-07 20:22:02', 'POS 86', '', '', 0, -1),
(86, 1, 1, '2014-07-07 20:29:10', 'POS 87', '', '', 0, -1),
(87, 1, 1, '2014-07-08 19:17:47', 'POS 88', '', '', 0, -1),
(88, 1, 1, '2014-07-08 19:42:36', 'POS 89', '', '', 0, -1),
(89, 1, 1, '2014-07-08 21:41:18', 'POS 90', '', '', 0, -1),
(90, 1, 1, '2014-07-08 22:59:48', 'POS 91', '', '', 0, -1),
(91, 1, 1, '2014-07-09 00:06:07', 'POS 96', '', '', 0, -1),
(92, 1, 1, '2014-07-09 14:16:52', 'POS 97', '', '', 0, -1),
(93, 1, 1, '2014-07-09 14:20:17', 'POS 98', '', '', 0, -1),
(94, 1, 1, '2014-07-09 14:21:00', 'POS 99', '', '', 0, -1),
(95, 1, 1, '2014-07-09 15:10:48', 'POS 100', '', '', 0, -1),
(96, 1, 1, '2014-07-09 15:45:18', 'POS 101', '', '', 0, -1),
(97, 1, 1, '2014-07-09 15:48:48', 'POS 102', '', '', 0, -1),
(98, 1, 1, '2014-07-09 15:51:18', 'POS 103', '', '', 0, -1),
(99, 1, 1, '2014-07-09 15:54:36', 'POS 104', '', '', 0, -1),
(100, 1, 1, '2014-07-09 15:57:54', 'POS 105', '', '', 0, -1),
(101, 1, 1, '2014-07-09 18:20:54', 'POS 106', '', '', 0, -1),
(102, 1, 1, '2014-07-09 18:26:02', 'POS 107', '', '', 0, -1),
(103, 1, 1, '2014-07-09 19:06:51', 'POS 108', '', '', 0, -1),
(104, 1, 1, '2014-07-09 19:12:06', 'POS 109', '', '', 0, -1),
(105, 1, 1, '2014-07-09 19:14:40', 'POS 110', '', '', 0, -1),
(106, 1, 1, '2014-07-09 19:18:25', 'POS 111', '', '', 0, -1),
(107, 1, 1, '2014-07-09 19:20:11', 'POS 112', '', '', 0, -1),
(108, 1, 1, '2014-07-09 19:26:52', 'POS 113', '', '', 0, -1),
(109, 1, 1, '2014-07-09 19:28:56', 'POS 114', '', '', 0, -1),
(110, 1, 1, '2014-07-09 19:38:07', 'POS 115', '', '', 0, -1),
(111, 1, 1, '2014-07-09 19:39:39', 'POS 116', '', '', 0, -1),
(112, 1, 1, '2014-07-09 19:41:33', 'POS 117', '', '', 0, -1),
(113, 1, 1, '2014-07-09 20:36:40', 'POS 118', '', '', 0, -1),
(114, 1, 1, '2014-07-09 20:38:30', 'POS 119', '', '', 0, -1),
(115, 1, 1, '2014-07-09 20:42:44', 'POS 120', '', '', 0, -1),
(116, 2, 1, '2014-07-09 20:49:49', 'POS 121', '', '', 0, -1),
(117, 1, 1, '2014-07-09 20:52:15', 'POS 122', '', '', 0, -1),
(118, 1, 1, '2014-07-09 20:54:34', 'POS 123', '', '', 0, -1),
(119, 1, 1, '2014-07-09 21:20:38', 'POS 124', '', '', 0, -1),
(120, 1, 1, '2014-07-09 21:27:55', 'POS 125', '', '', 0, -1),
(121, 1, 1, '2014-07-09 21:31:54', 'POS 126', '', '', 0, -1),
(122, 1, 1, '2014-07-09 21:34:27', 'POS 127', '', '', 0, -1),
(123, 1, 1, '2014-07-09 21:38:33', 'POS 128', '', '', 0, -1),
(124, 1, 1, '2014-07-09 21:40:10', 'POS 129', '', '', 0, -1),
(125, 1, 1, '2014-07-09 21:41:06', 'POS 130', '', '', 0, -1),
(126, 1, 1, '2014-07-09 21:44:36', 'POS 131', '', '', 0, -1),
(127, 1, 1, '2014-07-09 21:45:38', 'POS 132', '', '', 0, -1),
(128, 2, 1, '2014-07-09 22:53:59', 'POS 133', '', '', 0, -1),
(129, 1, 1, '2014-07-09 23:01:25', 'POS 134', '', '', 0, -1),
(130, 1, 1, '2014-07-12 19:05:43', 'POS 135', '', '', 0, -1),
(131, 1, 1, '2014-07-12 19:19:12', 'POS 136', '', '', 0, -1),
(132, 1, 1, '2014-07-12 21:51:57', 'POS 137', '', '', 0, -1),
(133, 1, 1, '2014-07-12 21:52:47', 'POS 138', '', '', 0, -1),
(134, 1, 1, '2014-07-13 22:28:29', 'POS 139', '', '', 0, -1),
(135, 1, 1, '2014-07-14 16:20:53', 'POS 140', '', '', 0, -1),
(136, 1, 1, '2014-07-14 19:28:25', 'POS 141', '', '', 0, -1),
(137, 1, 1, '2014-07-14 19:48:54', 'POS 142', '', '', 0, -1),
(138, 1, 1, '2014-07-14 19:52:11', 'POS 143', '', '', 0, -1),
(139, 1, 1, '2014-07-14 19:58:38', 'POS 144', '', '', 0, -1),
(140, 1, 1, '2014-07-14 20:03:31', 'POS 145', '', '', 0, -1),
(141, 1, 1, '2014-07-14 20:04:44', 'POS 146', '', '', 0, -1),
(142, 1, 1, '2014-07-14 20:14:54', 'POS 147', '', '', 0, -1),
(143, 1, 1, '2014-07-14 20:16:45', 'POS 148', '', '', 0, -1),
(144, 1, 1, '2014-07-14 20:28:41', 'POS 149', '', '', 0, -1),
(145, 1, 1, '2014-07-14 20:31:07', 'POS 150', '', '', 0, -1),
(146, 1, 1, '2014-07-14 20:33:28', 'POS 151', '', '', 0, -1),
(147, 1, 1, '2014-07-14 20:37:05', 'POS 152', '', '', 0, -1),
(148, 1, 1, '2014-07-14 20:38:03', 'POS 153', '', '', 0, -1),
(149, 1, 1, '2014-07-14 20:38:42', 'POS 154', '', '', 0, -1),
(150, 1, 1, '2014-07-14 20:39:37', 'POS 155', '', '', 0, -1),
(151, 1, 1, '2014-07-14 20:43:35', 'POS 156', '', '', 0, -1),
(152, 1, 1, '2014-07-14 20:43:35', 'POS 157', '', '', 0, -1),
(153, 2, 1, '2014-07-14 20:43:52', 'POS 158', '', '', 0, -1),
(154, 2, 1, '2014-07-14 20:43:52', 'POS 159', '', '', 0, -1),
(155, 1, 1, '2014-07-14 20:45:25', 'POS 160', '', '', 0, -1),
(156, 1, 1, '2014-07-14 20:45:25', 'POS 161', '', '', 0, -1),
(157, 1, 1, '2014-07-14 20:52:53', 'POS 163', '', '', 0, -1),
(158, 1, 1, '2014-07-14 20:54:39', 'POS 164', '', '', 0, -1),
(159, 1, 1, '2014-07-14 20:54:59', 'POS 165', '', '', 0, -1),
(160, 1, 1, '2014-07-14 22:07:20', 'POS 166', '', '', 0, -1),
(161, 1, 1, '2014-07-16 15:48:46', 'POS 171', '', '', 0, -1),
(162, 1, 1, '2014-07-16 15:48:47', 'POS 172', '', '', 0, -1),
(163, 1, 1, '2014-07-16 15:49:09', 'POS 173', '', '', 0, -1),
(164, 1, 1, '2014-07-16 15:49:09', 'POS 174', '', '', 0, -1),
(165, 1, 1, '2014-07-16 15:50:23', 'POS 175', '', '', 0, -1),
(166, 1, 1, '2014-07-16 15:50:23', 'POS 176', '', '', 0, -1),
(167, 1, 1, '2014-07-16 16:10:34', 'POS 177', '', '', 0, -1),
(168, 1, 1, '2014-07-16 16:13:24', 'POS 178', '', '', 0, -1),
(169, 1, 1, '2014-07-16 16:15:06', 'POS 179', '', '', 0, -1),
(170, 1, 1, '2014-07-16 16:21:01', 'POS 180', '', '', 0, -1),
(171, 1, 1, '2014-07-16 16:23:24', 'POS 181', '', '', 0, -1),
(172, 1, 1, '2014-07-16 16:31:32', 'POS 182', '', '', 0, -1),
(173, 1, 1, '2014-07-16 16:35:38', 'POS 183', '', '', 0, -1),
(174, 1, 1, '2014-07-16 19:55:41', 'POS 184', '', '', 0, -1),
(175, 1, 1, '2014-07-16 20:02:53', 'POS 185', '', '', 0, -1),
(176, 1, 1, '2014-07-16 20:11:53', 'POS 186', '', '', 0, -1),
(177, 1, 1, '2014-07-17 15:19:09', 'POS 187', '', '', 0, -1),
(178, 1, 1, '2014-07-17 15:24:09', 'POS 188', '', '', 0, -1),
(179, 1, 1, '2014-07-17 15:26:30', 'POS 189', '', '', 0, -1),
(180, 1, 1, '2014-07-17 15:27:49', 'POS 190', '', '', 0, -1),
(181, 1, 1, '2014-07-17 15:28:57', 'POS 191', '', '', 0, -1),
(182, 1, 1, '2014-07-17 15:33:12', 'POS 192', '', '', 0, -1),
(183, 1, 1, '2014-07-17 15:34:59', 'POS 193', '', '', 0, -2),
(184, 1, 1, '2014-07-17 15:36:23', 'POS 194', '', '', 0, -1),
(185, 1, 1, '2014-07-17 15:38:42', 'POS 195', '', '', 0, -1),
(186, 1, 1, '2014-07-17 15:39:40', 'POS 196', '', '', 0, -1),
(187, 1, 1, '2014-07-17 15:40:36', 'POS 197', '', '', 0, -1),
(188, 1, 1, '2014-07-17 15:42:57', 'POS 198', '', '', 0, -1),
(189, 1, 1, '2014-07-17 15:45:49', 'POS 199', '', '', 0, -1),
(190, 1, 1, '2014-07-17 15:48:01', 'POS 200', '', '', 0, -1),
(191, 1, 1, '2014-07-17 15:49:46', 'POS 201', '', '', 0, -1),
(192, 1, 1, '2014-07-17 16:09:45', 'POS 202', '', '', 0, -1),
(193, 1, 1, '2014-07-17 16:26:38', 'POS 203', '', '', 0, -1),
(194, 1, 1, '2014-07-17 16:26:59', 'POS 204', '', '', 0, -1),
(195, 1, 1, '2014-07-17 16:28:22', 'POS 205', '', '', 0, -1),
(196, 1, 1, '2014-07-17 16:34:14', 'POS 206', '', '', 0, -1),
(197, 1, 1, '2014-07-17 17:00:48', 'POS 207', '', '', 0, -1),
(198, 1, 1, '2014-07-17 17:03:18', 'POS 208', '', '', 0, -1),
(199, 1, 1, '2014-07-17 17:04:13', 'POS 209', '', '', 0, -1),
(200, 1, 1, '2014-07-17 17:27:39', 'POS 210', '', '', 0, -1),
(201, 1, 1, '2014-07-17 17:28:25', 'POS 211', '', '', 0, -1),
(202, 1, 1, '2014-07-17 17:55:20', 'POS 212', '', '', 0, -1),
(203, 1, 1, '2014-07-17 18:17:54', 'POS 213', '', '', 0, -1),
(204, 1, 1, '2014-07-17 18:38:10', 'POS 214', '', '', 0, -1),
(205, 1, 1, '2014-07-17 18:52:19', 'POS 215', '', '', 0, -1),
(206, 1, 1, '2014-07-17 18:56:59', 'POS 216', '', '', 0, -1),
(207, 1, 1, '2014-07-17 19:00:13', 'POS 217', '', '', 0, -1),
(208, 1, 1, '2014-07-17 19:14:39', 'POS 218', '', '', 0, -1),
(209, 1, 1, '2014-07-17 19:18:39', 'POS 219', '', '', 0, -1),
(210, 1, 1, '2014-07-17 19:23:55', 'POS 220', '', '', 0, -1),
(211, 1, 1, '2014-07-17 19:26:51', 'POS 221', '', '', 0, -1),
(212, 1, 1, '2014-07-17 19:29:22', 'POS 222', '', '', 0, -1),
(213, 1, 1, '2014-07-17 19:31:23', 'POS 223', '', '', 0, -1),
(214, 1, 1, '2014-07-17 19:33:24', 'POS 224', '', '', 0, -1),
(215, 1, 1, '2014-07-17 20:16:54', 'POS 225', '', '', 0, -1),
(216, 1, 1, '2014-07-20 14:30:07', 'POS 226', '', '', 0, -1),
(217, 1, 1, '2014-07-20 15:01:42', 'POS 227', '', '', 0, -1),
(218, 1, 1, '2014-07-20 15:02:17', 'POS 228', '', '', 0, -1),
(219, 1, 1, '2014-07-20 15:03:44', 'POS 229', '', '', 0, -1),
(220, 1, 1, '2014-07-20 15:06:08', 'POS 230', '', '', 0, -1),
(221, 1, 1, '2014-07-20 17:07:45', 'POS 231', '', '', 0, -1),
(222, 1, 1, '2014-07-20 17:08:20', 'POS 232', '', '', 0, -1),
(223, 1, 1, '2014-07-20 17:40:43', 'POS 233', '', '', 0, -1),
(224, 1, 1, '2014-07-20 17:40:43', 'POS 234', '', '', 0, -1),
(225, 1, 1, '2014-07-20 17:42:17', 'POS 235', '', '', 0, -1),
(226, 1, 1, '2014-07-20 18:05:25', 'POS 236', '', '', 0, -1),
(227, 1, 1, '2014-07-20 18:18:41', 'POS 237', '', '', 0, -1),
(228, 1, 1, '2014-07-20 18:22:48', 'POS 238', '', '', 0, -1),
(229, 1, 1, '2014-07-20 18:38:00', 'POS 239', '', '', 0, -1),
(230, 1, 1, '2014-07-20 18:55:12', 'POS 240', '', '', 0, -1),
(231, 1, 1, '2014-07-20 18:57:10', 'POS 241', '', '', 0, -1),
(232, 1, 1, '2014-07-20 18:57:58', 'POS 242', '', '', 0, -1),
(233, 1, 1, '2014-07-20 19:00:52', 'POS 243', '', '', 0, -1),
(234, 1, 1, '2014-07-20 19:42:06', 'POS 244', '', '', 0, -1),
(235, 1, 1, '2014-07-20 21:18:45', 'POS 245', '', '', 0, -1),
(236, 1, 1, '2014-07-20 21:39:31', 'POS 246', '', '', 0, -1),
(237, 2, 1, '2014-07-20 21:41:49', 'POS 247', '', '', 0, -1),
(238, 2, 1, '2014-07-20 21:43:10', 'POS 248', '', '', 0, -1),
(239, 1, 1, '2014-07-21 15:15:09', 'POS 249', '', '', 0, -1),
(240, 1, 1, '2014-07-21 15:21:14', 'POS 250', '', '', 0, -1),
(241, 2, 1, '2014-07-21 15:23:25', 'POS 251', '', '', 0, -1),
(242, 1, 1, '2014-07-21 15:26:36', 'POS 252', '', '', 0, -1),
(243, 1, 1, '2014-07-21 18:36:34', 'POS 253', '', '', 0, -1),
(244, 1, 1, '2014-07-21 18:41:51', 'POS 254', '', '', 0, -1),
(245, 1, 1, '2014-07-21 20:07:36', 'POS 255', '', '', 0, -1),
(246, 1, 1, '2014-07-21 20:11:52', 'POS 256', '', '', 0, -1),
(247, 1, 1, '2014-07-21 20:18:18', 'POS 257', '', '', 0, -1),
(248, 1, 1, '2014-07-21 20:45:40', 'POS 258', '', '', 0, -1),
(249, 1, 1, '2014-07-22 14:28:42', 'POS 259', '', '', 0, -1),
(250, 1, 1, '2014-07-22 14:34:20', 'POS 260', '', '', 0, -1),
(251, 1, 1, '2014-07-22 21:11:21', 'POS 261', '', '', 0, -1),
(252, 1, 1, '2014-07-22 21:15:41', 'POS 262', '', '', 0, -1),
(253, 1, 1, '2014-07-22 21:18:35', 'POS 263', '', '', 0, -1),
(254, 1, 1, '2014-07-23 18:51:38', 'POS 264', '', '', 0, -1),
(255, 1, 1, '2014-07-23 18:54:42', 'POS 265', '', '', 0, -1),
(256, 1, 1, '2014-07-23 19:04:38', 'POS 266', '', '', 0, -1),
(257, 1, 1, '2014-07-24 19:37:49', 'POS 267', '', '', 0, -1),
(258, 1, 1, '2014-07-24 20:07:44', 'POS 268', '', '', 0, -1),
(259, 1, 1, '2014-07-24 20:11:20', 'POS 269', '', '', 0, -1),
(260, 1, 1, '2014-07-24 20:14:30', 'POS 270', '', '', 0, -1),
(261, 1, 1, '2014-07-24 20:23:08', 'POS 271', '', '', 0, -1),
(262, 1, 1, '2014-07-24 20:27:42', 'POS 272', '', '', 0, -1),
(263, 1, 1, '2014-07-24 20:30:19', 'POS 273', '', '', 0, -1),
(264, 1, 1, '2014-07-24 21:56:19', 'POS 274', '', '', 0, -1),
(265, 1, 1, '2014-07-27 16:24:07', 'POS 275', '', '', 0, -1),
(266, 1, 1, '2014-07-27 18:57:56', 'POS 276', '', '', 0, -1),
(267, 1, 1, '2014-07-27 20:00:44', 'POS 277', '', '', 0, -1),
(268, 1, 1, '2014-07-27 20:02:43', 'POS 278', '', '', 0, -1),
(269, 1, 1, '2014-07-27 21:52:43', 'POS 279', '', '', 0, -1),
(270, 1, 1, '2014-07-27 22:05:57', 'POS 280', '', '', 0, -1),
(271, 1, 1, '2014-07-27 22:10:38', 'POS 281', '', '', 0, -1),
(272, 1, 1, '2014-07-29 16:08:43', 'POS 282', '', '', 0, -1),
(273, 1, 1, '2014-07-31 15:48:06', 'POS 283', '', '', 0, -1),
(274, 1, 1, '2014-07-31 20:38:17', 'POS 284', '', '', 0, -1),
(275, 1, 1, '2014-07-31 20:42:36', 'POS 285', '', '', 0, -1),
(276, 1, 1, '2014-08-01 14:08:10', 'POS 286', '', '', 0, -1),
(277, 1, 1, '2014-08-01 15:31:39', 'POS 287', 'POS 287', '', 0, -1),
(278, 2, 1, '2014-08-01 15:55:44', 'POS 288', 'POS 288', '', 0, -1),
(279, 1, 1, '2014-08-01 16:11:31', 'POS 289', 'POS 289', '', 0, -1),
(280, 2, 1, '2014-08-01 16:13:24', 'POS 290', 'POS 290', '', 0, -1),
(281, 1, 1, '2014-08-01 16:21:12', 'POS 291', 'POS 291', '', 0, -1),
(282, 2, 1, '2014-08-01 17:27:27', 'POS 292', 'POS 292', '', 0, -1),
(283, 1, 1, '2014-08-01 17:36:51', 'POS 293', 'POS 293', '', 0, -1),
(284, 2, 1, '2014-08-03 19:57:32', 'POS 294', 'POS 294', '', 0, -1),
(285, 1, 1, '2014-08-05 21:38:28', 'POS 295', 'POS 295', '', 0, -1),
(286, 1, 1, '2014-08-05 21:41:29', 'POS 296', 'POS 296', '', 0, -1),
(287, 1, 1, '2014-08-06 17:40:59', 'POS 297', 'POS 297', '', 0, -1),
(288, 1, 1, '2014-08-06 17:44:10', 'POS 298', 'POS 298', '', 0, -1),
(289, 1, 1, '2014-08-06 17:51:14', 'POS 299', 'POS 299', '', 0, -2),
(290, 2, 1, '2014-08-06 17:56:21', 'POS 300', 'POS 300', '', 0, -1),
(291, 1, 1, '2014-08-06 17:57:37', 'POS 301', 'POS 301', '', 0, -1),
(292, 1, 1, '2014-08-06 17:59:23', 'POS 302', 'POS 302', '', 0, -1),
(293, 1, 1, '2014-08-06 18:01:13', 'POS 303', 'POS 303', '', 0, -1),
(294, 1, 1, '2014-08-06 18:14:03', 'POS 304', 'POS 304', '', 0, -1),
(295, 1, 1, '2014-08-06 18:16:55', 'POS 305', 'POS 305', '', 0, -1),
(296, 1, 1, '2014-08-06 18:17:28', 'POS 306', 'POS 306', '', 0, -1),
(297, 1, 1, '2014-08-06 18:56:14', 'POS 307', 'POS 307', '', 0, -1),
(298, 1, 1, '2014-08-06 20:16:22', 'POS 308', 'POS 308', '', 0, -1),
(299, 1, 1, '2014-08-06 20:17:29', 'POS 309', 'POS 309', '', 0, -1),
(300, 1, 1, '2014-08-06 20:35:36', 'POS 310', 'POS 310', '', 0, -1),
(301, 1, 1, '2014-08-06 20:45:19', 'POS 311', 'POS 311', '', 0, -1),
(302, 1, 1, '2014-08-06 20:53:08', 'POS 312', 'POS 312', '', 0, -1),
(303, 2, 1, '2014-08-06 20:54:15', 'POS 313', 'POS 313', '', 0, -1),
(304, 2, 1, '2014-08-06 20:54:54', 'POS 314', 'POS 314', '', 0, -1),
(305, 1, 1, '2014-08-06 20:57:25', 'POS 315', 'POS 315', '', 0, -1),
(306, 1, 1, '2014-08-06 21:15:07', 'POS 316', 'POS 316', '', 0, -1),
(307, 2, 1, '2014-08-06 21:29:36', 'POS 317', 'POS 317', '', 0, -1),
(308, 2, 1, '2014-08-06 21:36:58', 'POS 318', 'POS 318', '', 0, -1),
(309, 1, 1, '2014-08-06 22:13:23', 'POS 319', 'POS 319', '', 0, -1),
(310, 2, 1, '2014-08-06 22:17:08', 'POS 320', 'POS 320', '', 0, -1),
(311, 1, 1, '2014-08-06 23:02:11', 'POS 331', 'POS 331', '', 0, -1),
(312, 2, 1, '2014-08-06 23:03:30', 'POS 332', 'POS 332', '', 0, -1),
(313, 1, 1, '2014-08-06 23:04:52', 'POS 333', 'POS 333', '', 0, -1),
(314, 2, 1, '2014-08-06 23:07:12', 'POS 334', 'POS 334', '', 0, -1),
(315, 1, 1, '2014-08-07 14:52:19', 'POS 337', 'POS 337', '', 0, -1),
(316, 1, 1, '2014-08-07 14:52:59', 'POS 338', 'POS 338', '', 0, -1),
(317, 1, 1, '2014-08-07 14:55:42', 'POS 339', 'POS 339', '', 0, -1),
(318, 2, 1, '2014-08-07 17:28:11', 'POS 341', 'POS 341', 'POS 341', 0, -1),
(319, 1, 1, '2014-08-07 18:19:04', 'POS 342', 'POS 342', 'POS 342', 0, -1),
(320, 1, 1, '2014-08-07 18:20:39', 'POS 343', 'POS 343', 'POS 343', 0, -1),
(321, 2, 1, '2014-08-07 18:23:33', 'POS 344', 'POS 344', 'POS 344', 0, -1),
(322, 2, 1, '2014-08-07 18:26:48', 'POS 345', 'POS 345', 'POS 345', 0, -1),
(323, 1, 1, '2014-08-07 18:29:20', 'POS 346', 'POS 346', 'POS 346', 0, -1),
(324, 2, 1, '2014-08-07 18:39:42', 'POS 347', 'POS 347', 'POS 347', 0, -1),
(325, 1, 1, '2014-08-07 18:42:52', 'POS 348', 'POS 348', 'POS 348', 0, -1),
(326, 1, 1, '2014-08-07 18:47:04', 'POS 349', 'POS 349', 'POS 349', 0, -1),
(327, 2, 1, '2014-08-07 19:07:04', 'POS 350', 'POS 350', 'POS 350', 0, -1),
(328, 2, 1, '2014-08-07 19:11:27', 'POS 351', 'POS 351', 'POS 351', 0, -1),
(329, 1, 1, '2014-08-07 19:13:46', 'POS 352', 'POS 352', 'POS 352', 0, -1),
(330, 2, 1, '2014-08-07 19:18:02', 'POS 353', 'POS 353', 'POS 353', 0, -1),
(331, 1, 1, '2014-08-07 19:29:49', 'POS 354', 'POS 354', 'POS 354', 0, -1),
(332, 2, 1, '2014-08-07 19:31:23', 'POS 355', 'POS 355', 'POS 355', 0, -1),
(333, 1, 1, '2014-08-07 19:38:22', 'POS 356', 'POS 356', 'POS 356', 0, -1),
(334, 1, 1, '2014-08-07 19:40:26', 'POS 357', 'POS 357', 'POS 357', 0, -1),
(335, 2, 1, '2014-08-07 19:42:04', 'POS 358', 'POS 358', 'POS 358', 0, -1),
(336, 1, 1, '2014-08-07 19:43:44', 'POS 359', 'POS 359', 'POS 359', 0, -1),
(337, 2, 1, '2014-08-07 19:44:34', 'Manual Edit of Quantity', 'Manual Edit of Quantity', 'Manual Edit of Quantity', 0, 0),
(338, 2, 1, '2014-08-07 19:45:23', 'POS 360', 'POS 360', 'POS 360', 0, -1),
(339, 1, 1, '2014-08-07 19:48:45', 'POS 361', 'POS 361', 'POS 361', 0, -1),
(340, 1, 1, '2014-08-07 19:52:57', 'POS 362', 'POS 362', 'POS 362', 0, -1),
(341, 1, 1, '2014-08-07 20:17:14', 'POS 363', 'POS 363', 'POS 363', 0, -1),
(342, 1, 1, '2014-08-07 20:19:50', 'POS 364', 'POS 364', 'POS 364', 0, -1),
(343, 1, 1, '2014-08-07 20:21:15', 'POS 365', 'POS 365', 'POS 365', 0, -1),
(344, 1, 1, '2014-08-07 20:24:42', 'POS 366', 'POS 366', 'POS 366', 0, -1),
(345, 2, 1, '2014-08-07 20:29:52', 'POS 367', 'POS 367', 'POS 367', 0, -1),
(346, 1, 1, '2014-08-07 20:43:31', 'POS 368', 'POS 368', 'POS 368', 0, -1),
(347, 1, 1, '2014-08-07 20:45:50', 'POS 369', 'POS 369', 'POS 369', 0, -1),
(348, 2, 1, '2014-08-07 20:48:31', 'POS 370', 'POS 370', 'POS 370', 0, -1),
(349, 1, 1, '2014-08-07 20:57:47', 'POS 371', 'POS 371', 'POS 371', 0, -1),
(350, 1, 1, '2014-08-10 15:28:17', 'POS 372', 'POS 372', 'POS 372', 0, -1),
(351, 2, 1, '2014-08-10 15:28:17', 'POS 372', 'POS 372', 'POS 372', 0, -1),
(352, 1, 1, '2014-08-10 15:32:28', 'POS 373', 'POS 373', 'POS 373', 0, -1),
(353, 2, 1, '2014-08-10 15:32:28', 'POS 373', 'POS 373', 'POS 373', 0, -1),
(354, 1, 1, '2014-08-10 15:35:11', 'POS 374', 'POS 374', 'POS 374', 0, -2),
(355, 2, 1, '2014-08-10 15:35:11', 'POS 374', 'POS 374', 'POS 374', 0, -1),
(356, 2, 1, '2014-08-10 15:42:27', 'POS 375', 'POS 375', 'POS 375', 0, -1),
(357, 2, 1, '2014-08-10 15:44:18', 'POS 376', 'POS 376', 'POS 376', 0, -1),
(358, 1, 1, '2014-08-10 19:06:31', 'POS 377', 'POS 377', 'POS 377', 0, -1),
(359, 1, 1, '2014-08-10 20:23:42', 'POS 378', 'POS 378', 'POS 378', 0, -1),
(360, 1, 1, '2014-08-10 20:26:11', 'POS 379', 'POS 379', 'POS 379', 0, -1),
(361, 1, 1, '2014-08-10 21:52:34', 'POS 380', 'POS 380', 'POS 380', 0, -1),
(362, 2, 1, '2014-08-10 21:55:25', 'POS 381', 'POS 381', 'POS 381', 0, -1),
(363, 2, 1, '2014-08-10 22:08:44', 'POS 382', 'POS 382', 'POS 382', 0, -1),
(364, 2, 1, '2014-08-10 22:12:52', 'POS 383', 'POS 383', 'POS 383', 0, -1),
(365, 2, 1, '2014-08-10 22:15:57', 'POS 384', 'POS 384', 'POS 384', 0, -1),
(366, 2, 1, '2014-08-10 22:17:40', 'POS 385', 'POS 385', 'POS 385', 0, -1),
(367, 2, 1, '2014-08-10 22:20:00', 'POS 386', 'POS 386', 'POS 386', 0, -1),
(368, 2, 1, '2014-08-10 22:29:44', 'POS 387', 'POS 387', 'POS 387', 0, -1),
(369, 2, 1, '2014-08-11 13:54:27', 'POS 388', 'POS 388', 'POS 388', 0, -1),
(370, 2, 1, '2014-08-11 14:09:42', 'POS 389', 'POS 389', 'POS 389', 0, -1),
(371, 2, 1, '2014-08-11 14:39:01', 'POS 390', 'POS 390', 'POS 390', 0, -1),
(372, 2, 1, '2014-08-11 14:43:22', 'POS 391', 'POS 391', 'POS 391', 0, -1),
(373, 2, 1, '2014-08-11 14:48:33', 'POS 392', 'POS 392', 'POS 392', 0, -1),
(374, 2, 1, '2014-08-11 14:48:49', 'POS 393', 'POS 393', 'POS 393', 0, -1),
(375, 2, 1, '2014-08-11 14:49:08', 'POS 394', 'POS 394', 'POS 394', 0, -1),
(376, 2, 1, '2014-08-11 14:49:18', 'POS 395', 'POS 395', 'POS 395', 0, -1),
(377, 2, 1, '2014-08-11 15:11:37', 'POS 396', 'POS 396', 'POS 396', 0, -1),
(378, 2, 1, '2014-08-11 15:18:55', 'POS 397', 'POS 397', 'POS 397', 0, -1),
(379, 2, 1, '2014-08-11 19:04:11', 'POS 398', 'POS 398', 'POS 398', 0, -1),
(380, 2, 1, '2014-08-11 20:32:46', 'POS 399', 'POS 399', 'POS 399', 0, -1),
(381, 2, 1, '2014-08-11 20:49:16', 'POS 400', 'POS 400', 'POS 400', 0, -1),
(382, 2, 1, '2014-08-11 21:05:05', 'POS 401', 'POS 401', 'POS 401', 0, -1),
(383, 2, 1, '2014-08-11 21:05:34', 'POS 402', 'POS 402', 'POS 402', 0, -1),
(384, 2, 1, '2014-08-11 21:07:40', 'POS 403', 'POS 403', 'POS 403', 0, -1),
(385, 2, 1, '2014-08-11 21:10:53', 'POS 404', 'POS 404', 'POS 404', 0, -1),
(386, 2, 1, '2014-08-11 21:12:43', 'POS 405', 'POS 405', 'POS 405', 0, -1),
(387, 2, 1, '2014-08-11 21:14:30', 'POS 406', 'POS 406', 'POS 406', 0, -1),
(388, 2, 1, '2014-08-11 22:08:15', 'POS 407', 'POS 407', 'POS 407', 0, -1),
(389, 2, 1, '2014-08-12 20:40:37', 'POS 408', 'POS 408', '', 0, -1),
(390, 2, 1, '2014-08-13 20:03:50', 'POS 409', 'POS 409', 'POS 409', 0, -1),
(391, 2, 1, '2014-08-17 00:26:31', 'POS 410', 'POS 410', '', 0, -1),
(392, 2, 1, '2014-08-17 00:48:47', 'POS 411', 'POS 411', '', 0, -1),
(393, 2, 1, '2014-08-17 00:57:25', 'POS 412', 'POS 412', '', 0, -1),
(394, 2, 1, '2014-08-17 01:56:18', 'POS 413', 'POS 413', '', 0, -1),
(395, 2, 1, '2014-08-17 01:57:08', 'POS 414', 'POS 414', '', 0, -1),
(396, 2, 1, '2014-08-17 01:58:57', 'POS 415', 'POS 415', '', 0, -1),
(397, 2, 1, '2014-08-17 02:00:28', 'POS 416', 'POS 416', '', 0, -1),
(398, 2, 1, '2014-08-17 02:02:22', 'POS 417', 'POS 417', '', 0, -1),
(399, 2, 1, '2014-08-17 02:10:10', 'POS 418', 'POS 418', '', 0, -1),
(400, 2, 1, '2014-08-17 02:13:09', 'POS 419', 'POS 419', '', 0, -1),
(401, 1, 1, '2014-08-17 02:16:17', 'POS 420', 'POS 420', '', 0, -1),
(402, 2, 1, '2014-08-17 02:16:17', 'POS 420', 'POS 420', '', 0, -1),
(403, 2, 1, '2014-08-17 02:22:42', 'POS 421', 'POS 421', '', 0, -1),
(404, 2, 1, '2014-08-17 02:23:50', 'POS 422', 'POS 422', '', 0, -1),
(405, 2, 1, '2014-08-17 02:30:43', 'POS 423', 'POS 423', '', 0, -1),
(406, 2, 1, '2014-08-17 02:32:08', 'POS 424', 'POS 424', '', 0, -1),
(407, 2, 1, '2014-08-17 20:13:01', 'POS 425', 'POS 425', '', 0, -1),
(408, 2, 1, '2014-08-17 21:45:15', 'POS 426', 'POS 426', '', 0, -1),
(409, 2, 1, '2014-08-17 22:11:46', 'POS 427', 'POS 427', '', 0, -1),
(410, 2, 1, '2014-08-17 22:18:18', 'POS 428', 'POS 428', '', 0, -1),
(411, 2, 1, '2014-08-18 02:48:32', 'POS 429', 'POS 429', '', 0, -2),
(412, 1, 1, '2014-08-18 02:48:32', 'POS 429', 'POS 429', '', 0, -1),
(413, 1, 1, '2014-08-18 02:59:56', 'POS 430', 'POS 430', '', 0, -1),
(414, 1, 1, '2014-08-18 03:01:44', 'POS 431', 'POS 431', '', 0, -1),
(415, 1, 1, '2014-08-18 04:31:52', 'POS 432', 'POS 432', '', 0, -1),
(416, 1, 1, '2014-08-18 04:32:19', 'POS 433', 'POS 433', '', 0, -1),
(417, 1, 1, '2014-08-18 04:32:44', 'POS 434', 'POS 434', '', 0, -1),
(418, 1, 1, '2014-08-18 04:33:29', 'POS 435', 'POS 435', '', 0, -1),
(419, 1, 1, '2014-08-18 04:43:24', 'POS 436', 'POS 436', '', 0, -1),
(420, 1, 1, '2014-08-18 04:47:58', 'POS 437', 'POS 437', '', 0, -1),
(421, 1, 1, '2014-08-18 04:49:02', 'Manual Edit of Quantity', 'Manual Edit of Quantity', '', 0, 0),
(422, 1, 1, '2014-08-18 04:49:21', 'POS 438', 'POS 438', '', 0, -1),
(423, 1, 1, '2014-08-18 04:50:50', 'POS 439', 'POS 439', '', 0, -1),
(424, 2, 1, '2014-08-18 04:51:49', 'POS 440', 'POS 440', '', 0, -1),
(425, 1, 1, '2005-08-01 20:27:20', 'POS 441', 'POS 441', '', 0, -1),
(426, 2, 1, '2005-08-01 20:27:20', 'POS 441', 'POS 441', '', 0, -1),
(427, 1, 1, '2014-08-22 21:39:57', 'POS 442', 'POS 442', 'POS 442', 0, -1),
(428, 2, 1, '2014-08-22 21:39:57', 'POS 442', 'POS 442', 'POS 442', 0, -1),
(429, 3, 1, '2014-08-29 20:05:47', 'Manual Edit of Quantity', 'Manual Edit of Quantity', 'Manual Edit of Quantity', 0, 1000),
(430, 1, 1, '2014-08-29 20:06:09', 'POS 443', 'POS 443', 'POS 443', 0, -1),
(431, 3, 1, '2014-08-29 20:06:09', 'POS 443', 'POS 443', 'POS 443', 0, -1),
(432, 1, 1, '2014-08-29 20:57:42', 'POS 444', 'POS 444', 'POS 444', 0, -1),
(433, 3, 1, '2014-08-29 20:57:42', 'POS 444', 'POS 444', 'POS 444', 0, -1),
(434, 1, 1, '2014-08-29 21:02:34', 'POS 445', 'POS 445', 'POS 445', 0, -1),
(435, 3, 1, '2014-08-29 21:02:34', 'POS 445', 'POS 445', 'POS 445', 0, -1),
(436, 1, 1, '2014-08-29 21:10:37', 'POS 446', 'POS 446', 'POS 446', 0, -1),
(437, 3, 1, '2014-08-29 21:10:37', 'POS 446', 'POS 446', 'POS 446', 0, -1),
(438, 1, 1, '2014-08-29 21:16:14', 'POS 447', 'POS 447', 'POS 447', 0, -1),
(439, 3, 1, '2014-08-29 21:16:14', 'POS 447', 'POS 447', 'POS 447', 0, -1),
(440, 1, 1, '2014-08-29 21:18:17', 'POS 448', 'POS 448', 'POS 448', 0, -1),
(441, 3, 1, '2014-08-29 21:18:17', 'POS 448', 'POS 448', 'POS 448', 0, -1),
(442, 1, 1, '2014-08-29 21:59:25', 'POS 449', 'POS 449', 'POS 449', 0, -1),
(443, 3, 1, '2014-08-29 21:59:25', 'POS 449', 'POS 449', 'POS 449', 0, -1),
(444, 2, 1, '2014-08-29 22:10:31', 'Manual Edit of Quantity', 'Manual Edit of Quantity', 'Manual Edit of Quantity', 0, 0),
(445, 1, 1, '2014-08-29 22:10:55', 'Manual Edit of Quantity', 'Manual Edit of Quantity', 'Manual Edit of Quantity', 0, 0),
(446, 3, 1, '2014-08-29 22:11:10', 'Manual Edit of Quantity', 'Manual Edit of Quantity', 'Manual Edit of Quantity', 0, 0),
(447, 1, 1, '2014-08-29 22:11:40', 'POS 450', 'POS 450', 'POS 450', 0, -1),
(448, 3, 1, '2014-08-29 22:11:40', 'POS 450', 'POS 450', 'POS 450', 0, -1),
(449, 1, 1, '2014-08-29 22:15:25', 'POS 451', 'POS 451', 'POS 451', 0, -1),
(450, 3, 1, '2014-08-29 22:15:25', 'POS 451', 'POS 451', 'POS 451', 0, -1),
(451, 1, 1, '2014-08-29 23:15:37', 'POS 452', 'POS 452', 'POS 452', 0, -1),
(452, 3, 1, '2014-08-29 23:15:37', 'POS 452', 'POS 452', 'POS 452', 0, -1),
(453, 1, 1, '2014-09-01 20:33:23', 'POS 453', 'POS 453', 'POS 453', 0, -1),
(454, 1, 1, '2014-09-01 20:40:18', 'Manual Edit of Quantity', 'Manual Edit of Quantity', 'Manual Edit of Quantity', 0, 0),
(455, 1, 1, '2014-09-01 20:56:53', 'POS 454', 'POS 454', 'POS 454', 0, -1),
(456, 2, 1, '2014-09-01 20:57:37', 'Manual Edit of Quantity', 'Manual Edit of Quantity', 'Manual Edit of Quantity', 0, 0),
(457, 4, 1, '2014-09-01 21:02:40', 'Manual Edit of Quantity', 'Manual Edit of Quantity', 'Manual Edit of Quantity', 0, 1000),
(458, 4, 1, '2014-09-01 21:15:33', 'Manual Edit of Quantity', 'Manual Edit of Quantity', 'Manual Edit of Quantity', 0, 0),
(459, 4, 1, '2014-09-01 21:33:32', 'Manual Edit of Quantity', 'Manual Edit of Quantity', 'Manual Edit of Quantity', 0, 0),
(460, 1, 1, '2014-09-01 21:35:54', 'Manual Edit of Quantity', 'Manual Edit of Quantity', 'Manual Edit of Quantity', 0, 0),
(461, 4, 1, '2014-09-01 22:53:44', 'POS 455', 'POS 455', 'POS 455', 0, -1),
(462, 2, 1, '2014-09-06 23:36:24', 'POS 456', 'POS 456', 'POS 456', 0, -1),
(463, 2, 1, '2014-09-07 00:02:15', 'POS 457', 'POS 457', 'POS 457', 0, -1),
(464, 2, 1, '2014-09-07 00:03:10', 'POS 458', 'POS 458', 'POS 458', 0, -1),
(465, 2, 1, '2014-09-08 20:21:21', 'POS 459', 'POS 459', 'POS 459', 0, -2),
(466, 2, 1, '2014-09-08 20:24:26', 'POS 460', 'POS 460', 'POS 460', 0, -1),
(467, 2, 1, '2014-09-08 20:30:10', 'POS 461', 'POS 461', 'POS 461', 0, -1),
(468, 2, 1, '2014-09-08 20:36:31', 'POS 462', 'POS 462', 'POS 462', 0, -1),
(469, 2, 1, '2014-09-08 20:37:19', 'POS 463', 'POS 463', 'POS 463', 0, -1),
(470, 2, 1, '2014-09-10 20:37:17', 'POS 464', 'POS 464', 'POS 464', 0, -1),
(471, 2, 1, '2014-09-10 20:54:24', 'POS 465', 'POS 465', 'POS 465', 0, -1),
(472, 2, 1, '2014-09-10 20:57:32', 'POS 466', 'POS 466', 'POS 466', 0, -1),
(473, 1, 1, '2014-09-10 21:01:20', 'POS 467', 'POS 467', 'POS 467', 0, -1);

-- --------------------------------------------------------

--
-- Table structure for table `ospos_items`
--

CREATE TABLE IF NOT EXISTS `ospos_items` (
  `name` varchar(255) NOT NULL,
  `category` varchar(255) NOT NULL,
  `supplier_id` int(11) DEFAULT NULL,
  `item_number` varchar(255) DEFAULT NULL,
  `description` varchar(255) NOT NULL,
  `cost_price` double(15,2) NOT NULL,
  `unit_price` double(15,2) NOT NULL,
  `quantity` double(15,2) NOT NULL DEFAULT '0.00',
  `reorder_level` double(15,2) NOT NULL DEFAULT '0.00',
  `location` varchar(255) NOT NULL,
  `item_id` int(10) NOT NULL AUTO_INCREMENT,
  `allow_alt_description` tinyint(1) NOT NULL,
  `is_serialized` tinyint(1) NOT NULL,
  `deleted` int(1) NOT NULL DEFAULT '0',
  `custom1` varchar(25) NOT NULL,
  `custom2` varchar(25) NOT NULL,
  `custom3` varchar(25) NOT NULL,
  `custom4` varchar(25) NOT NULL,
  `custom5` varchar(25) NOT NULL,
  `custom6` varchar(25) NOT NULL,
  `custom7` varchar(25) NOT NULL,
  `custom8` varchar(25) NOT NULL,
  `custom9` varchar(25) NOT NULL,
  `custom10` varchar(25) NOT NULL,
  PRIMARY KEY (`item_id`),
  UNIQUE KEY `item_number` (`item_number`),
  KEY `ospos_items_ibfk_1` (`supplier_id`)
) ENGINE=InnoDB  DEFAULT CHARSET=utf8 AUTO_INCREMENT=5 ;

--
-- Dumping data for table `ospos_items`
--

INSERT INTO `ospos_items` (`name`, `category`, `supplier_id`, `item_number`, `description`, `cost_price`, `unit_price`, `quantity`, `reorder_level`, `location`, `item_id`, `allow_alt_description`, `is_serialized`, `deleted`, `custom1`, `custom2`, `custom3`, `custom4`, `custom5`, `custom6`, `custom7`, `custom8`, `custom9`, `custom10`) VALUES
('alacarte-reg', 'ar', NULL, NULL, '', 0.00, 250.00, 648.00, 1000.00, '', 1, 0, 0, 0, '0', '0', '0', '0', '0', '0', '0', '0', '0', '0'),
('alacarte-sc', 'asc', NULL, NULL, '', 0.00, 250.00, 898.00, 1000.00, '', 2, 0, 0, 0, '0', '0', '0', '0', '0', '0', '0', '0', '0', '0'),
('test-seta-reg', 'tsr', NULL, NULL, '', 0.00, 114.04, 990.00, 1000.00, '', 3, 0, 0, 0, '0', '0', '0', '0', '0', '0', '0', '0', '0', '0'),
('test-setb-sc', 'tb', NULL, NULL, '', 0.00, 100.00, 999.00, 1000.00, '', 4, 0, 0, 0, '0', '0', '0', '0', '0', '0', '0', '0', '0', '0');

-- --------------------------------------------------------

--
-- Table structure for table `ospos_items_taxes`
--

CREATE TABLE IF NOT EXISTS `ospos_items_taxes` (
  `item_id` int(10) NOT NULL,
  `name` varchar(255) NOT NULL,
  `percent` int(15) NOT NULL,
  PRIMARY KEY (`item_id`,`name`,`percent`)
) ENGINE=InnoDB DEFAULT CHARSET=utf8;

--
-- Dumping data for table `ospos_items_taxes`
--

INSERT INTO `ospos_items_taxes` (`item_id`, `name`, `percent`) VALUES
(1, 'VAT', 12),
(2, 'NON VAT', 0),
(3, 'NON VAT', 0),
(3, 'VAT', 12),
(4, 'VAT', 0);

-- --------------------------------------------------------

--
-- Table structure for table `ospos_item_kits`
--

CREATE TABLE IF NOT EXISTS `ospos_item_kits` (
  `item_kit_id` int(11) NOT NULL AUTO_INCREMENT,
  `name` varchar(255) NOT NULL,
  `description` varchar(255) NOT NULL,
  PRIMARY KEY (`item_kit_id`)
) ENGINE=InnoDB DEFAULT CHARSET=utf8 AUTO_INCREMENT=1 ;

--
-- Dumping data for table `ospos_item_kits`
--


-- --------------------------------------------------------

--
-- Table structure for table `ospos_item_kit_items`
--

CREATE TABLE IF NOT EXISTS `ospos_item_kit_items` (
  `item_kit_id` int(11) NOT NULL,
  `item_id` int(11) NOT NULL,
  `quantity` double(15,2) NOT NULL,
  PRIMARY KEY (`item_kit_id`,`item_id`,`quantity`),
  KEY `ospos_item_kit_items_ibfk_2` (`item_id`)
) ENGINE=InnoDB DEFAULT CHARSET=utf8;

--
-- Dumping data for table `ospos_item_kit_items`
--


-- --------------------------------------------------------

--
-- Table structure for table `ospos_modules`
--

CREATE TABLE IF NOT EXISTS `ospos_modules` (
  `name_lang_key` varchar(255) NOT NULL,
  `desc_lang_key` varchar(255) NOT NULL,
  `sort` int(10) NOT NULL,
  `module_id` varchar(255) NOT NULL,
  PRIMARY KEY (`module_id`),
  UNIQUE KEY `desc_lang_key` (`desc_lang_key`),
  UNIQUE KEY `name_lang_key` (`name_lang_key`)
) ENGINE=InnoDB DEFAULT CHARSET=utf8;

--
-- Dumping data for table `ospos_modules`
--

INSERT INTO `ospos_modules` (`name_lang_key`, `desc_lang_key`, `sort`, `module_id`) VALUES
('module_config', 'module_config_desc', 100, 'config'),
('module_customers', 'module_customers_desc', 10, 'customers'),
('module_employees', 'module_employees_desc', 80, 'employees'),
('module_giftcards', 'module_giftcards_desc', 90, 'giftcards'),
('module_items', 'module_items_desc', 20, 'items'),
('module_item_kits', 'module_item_kits_desc', 30, 'item_kits'),
('module_receivings', 'module_receivings_desc', 60, 'receivings'),
('module_reports', 'module_reports_desc', 50, 'reports'),
('module_sales', 'module_sales_desc', 70, 'sales'),
('module_suppliers', 'module_suppliers_desc', 40, 'suppliers');

-- --------------------------------------------------------

--
-- Table structure for table `ospos_people`
--

CREATE TABLE IF NOT EXISTS `ospos_people` (
  `first_name` varchar(255) NOT NULL,
  `last_name` varchar(255) NOT NULL,
  `phone_number` varchar(255) NOT NULL,
  `email` varchar(255) NOT NULL,
  `address_1` varchar(255) NOT NULL,
  `address_2` varchar(255) NOT NULL,
  `city` varchar(255) NOT NULL,
  `state` varchar(255) NOT NULL,
  `zip` varchar(255) NOT NULL,
  `country` varchar(255) NOT NULL,
  `comments` text NOT NULL,
  `person_id` int(10) NOT NULL AUTO_INCREMENT,
  PRIMARY KEY (`person_id`)
) ENGINE=InnoDB  DEFAULT CHARSET=utf8 AUTO_INCREMENT=5 ;

--
-- Dumping data for table `ospos_people`
--

INSERT INTO `ospos_people` (`first_name`, `last_name`, `phone_number`, `email`, `address_1`, `address_2`, `city`, `state`, `zip`, `country`, `comments`, `person_id`) VALUES
('Julieta', 'Rubis', '09228467412', 'julieta.descartin@yahoo.com', 'Paranaque', '', '', '', '', '', '', 1),
('gfgf', 'gggf', '', '', '', '', '', '', '', '', '', 2),
('mikol', 'sangalang', '', '', '', '', '', '', '', '', '', 3),
('mikol', 'sangalang', '', '', '', '', '', '', '', '', '', 4);

-- --------------------------------------------------------

--
-- Table structure for table `ospos_permissions`
--

CREATE TABLE IF NOT EXISTS `ospos_permissions` (
  `module_id` varchar(255) NOT NULL,
  `person_id` int(10) NOT NULL,
  PRIMARY KEY (`module_id`,`person_id`),
  KEY `person_id` (`person_id`)
) ENGINE=InnoDB DEFAULT CHARSET=utf8;

--
-- Dumping data for table `ospos_permissions`
--

INSERT INTO `ospos_permissions` (`module_id`, `person_id`) VALUES
('config', 1),
('customers', 1),
('employees', 1),
('items', 1),
('reports', 1),
('sales', 1);

-- --------------------------------------------------------

--
-- Table structure for table `ospos_receivings`
--

CREATE TABLE IF NOT EXISTS `ospos_receivings` (
  `receiving_time` timestamp NOT NULL DEFAULT CURRENT_TIMESTAMP,
  `supplier_id` int(10) DEFAULT NULL,
  `employee_id` int(10) NOT NULL DEFAULT '0',
  `comment` text NOT NULL,
  `senior` varchar(50) NOT NULL,
  `take_type` varchar(40) NOT NULL,
  `trans_or_id` int(10) NOT NULL,
  `receiving_id` int(10) NOT NULL AUTO_INCREMENT,
  `payment_type` varchar(20) DEFAULT NULL,
  PRIMARY KEY (`receiving_id`),
  KEY `supplier_id` (`supplier_id`),
  KEY `employee_id` (`employee_id`)
) ENGINE=InnoDB DEFAULT CHARSET=utf8 AUTO_INCREMENT=1 ;

--
-- Dumping data for table `ospos_receivings`
--


-- --------------------------------------------------------

--
-- Table structure for table `ospos_receivings_items`
--

CREATE TABLE IF NOT EXISTS `ospos_receivings_items` (
  `receiving_id` int(10) NOT NULL DEFAULT '0',
  `item_id` int(10) NOT NULL DEFAULT '0',
  `description` varchar(30) DEFAULT NULL,
  `serialnumber` varchar(30) DEFAULT NULL,
  `line` int(3) NOT NULL,
  `quantity_purchased` int(10) NOT NULL DEFAULT '0',
  `item_cost_price` decimal(15,2) NOT NULL,
  `item_unit_price` double(15,2) NOT NULL,
  `discount_percent` int(11) NOT NULL DEFAULT '0',
  PRIMARY KEY (`receiving_id`,`item_id`,`line`),
  KEY `item_id` (`item_id`)
) ENGINE=InnoDB DEFAULT CHARSET=utf8;

--
-- Dumping data for table `ospos_receivings_items`
--


-- --------------------------------------------------------

--
-- Table structure for table `ospos_sales`
--

CREATE TABLE IF NOT EXISTS `ospos_sales` (
  `sale_time` timestamp NOT NULL DEFAULT CURRENT_TIMESTAMP,
  `customer_id` int(10) DEFAULT NULL,
  `employee_id` int(10) NOT NULL DEFAULT '0',
  `comment` int(10) NOT NULL,
  `senior` varchar(50) CHARACTER SET armscii8 NOT NULL,
  `senior_details` varchar(100) NOT NULL,
  `ornumber` int(10) NOT NULL,
  `take_type` varchar(40) NOT NULL,
  `sale_id` int(10) NOT NULL AUTO_INCREMENT,
  `or_id` int(10) NOT NULL,
  `payment_type` varchar(512) DEFAULT NULL,
  PRIMARY KEY (`sale_id`),
  KEY `customer_id` (`customer_id`),
  KEY `employee_id` (`employee_id`)
) ENGINE=InnoDB  DEFAULT CHARSET=utf8 AUTO_INCREMENT=468 ;

--
-- Dumping data for table `ospos_sales`
--

INSERT INTO `ospos_sales` (`sale_time`, `customer_id`, `employee_id`, `comment`, `senior`, `senior_details`, `ornumber`, `take_type`, `sale_id`, `or_id`, `payment_type`) VALUES
('2014-06-28 00:20:36', NULL, 1, 0, '', '', 0, '', 1, 0, 'Cash: $178.57<br />'),
('2014-06-28 00:25:38', NULL, 1, 1, '', '', 0, '', 2, 0, 'Cash: $250.00<br />'),
('2014-06-28 00:35:59', NULL, 1, 0, '', '', 0, '', 3, 0, 'Cash: $250.00<br />'),
('2014-06-28 00:39:35', NULL, 1, 0, '', '', 0, '', 4, 0, 'Cash: $250.00<br />'),
('2014-06-28 00:39:56', NULL, 1, 0, '', '', 0, '', 5, 0, 'Cash: $250.00<br />'),
('2014-06-28 00:53:51', NULL, 1, 0, '', '', 0, '', 6, 0, 'Cash: $250.00<br />'),
('2014-06-28 00:57:13', NULL, 1, 0, '', '', 0, '', 7, 0, 'Cash: $250.00<br />'),
('2014-06-28 00:58:04', NULL, 1, 0, '', '', 0, '', 8, 0, 'Cash: $250.00<br />'),
('2014-06-28 01:00:34', NULL, 1, 0, '', '', 0, '', 9, 0, 'Cash: $250.00<br />'),
('2014-06-28 01:05:07', NULL, 1, 0, '', '', 0, '', 10, 0, 'Cash: $250.00<br />'),
('2014-06-28 01:07:02', NULL, 1, 0, '', '', 0, '', 11, 0, 'Cash: $250.00<br />'),
('2014-06-28 01:07:46', NULL, 1, 0, '', '', 0, '', 12, 0, 'Cash: $250.00<br />'),
('2005-08-01 00:09:19', NULL, 1, 0, '', '', 0, '', 13, 0, 'Cash: $250.00<br />'),
('2005-08-01 00:10:29', NULL, 1, 0, '', '', 0, '', 14, 0, 'Cash: $250.00<br />'),
('2005-08-01 00:12:18', NULL, 1, 0, '', '', 0, '', 15, 0, 'Cash: $250.00<br />'),
('2005-08-01 00:19:23', NULL, 1, 0, '', '', 0, '', 16, 0, 'Cash: $250.00<br />'),
('2005-08-01 00:19:49', NULL, 1, 0, '', '', 0, '', 17, 0, 'Cash: $250.00<br />'),
('2005-08-01 00:22:27', NULL, 1, 0, '', '', 0, '', 18, 0, 'Cash: $250.00<br />'),
('2005-08-01 00:23:43', NULL, 1, 0, '', '', 0, '', 19, 0, 'Cash: $250.00<br />'),
('2005-08-01 00:30:21', NULL, 1, 0, '', '', 0, '', 20, 0, 'Cash: $250.00<br />'),
('2014-06-29 00:05:39', NULL, 1, 0, '', '', 0, '', 21, 0, 'Cash: $250.00<br />'),
('2014-06-29 03:16:19', NULL, 1, 0, '', '', 0, '', 22, 0, 'Cash: Php250.00<br />'),
('2014-06-29 03:26:30', NULL, 1, 0, '', '', 0, '', 23, 0, 'Cash: Php250.00<br />'),
('2014-06-29 03:27:50', NULL, 1, 0, '', '', 0, '', 24, 0, 'Cash: Php250.00<br />'),
('2014-06-29 03:29:52', NULL, 1, 0, '', '', 0, '', 25, 0, 'Cash: Php250.00<br />'),
('2014-06-29 03:30:38', NULL, 1, 0, '', '', 0, '', 26, 0, 'Cash: Php250.00<br />'),
('2014-06-29 03:33:41', NULL, 1, 0, '', '', 0, '', 27, 0, 'Cash: Php250.00<br />'),
('2014-06-29 03:36:33', NULL, 1, 0, '', '', 0, '', 28, 0, 'Cash: Php250.00<br />'),
('2014-06-29 03:43:14', NULL, 1, 0, '', '', 0, '', 29, 0, 'Cash: Php250.00<br />'),
('2014-06-29 03:59:30', NULL, 1, 0, '', '', 0, '', 30, 0, 'Cash: Php250.00<br />'),
('2014-06-29 19:45:53', NULL, 1, 0, '', '', 0, '', 31, 0, 'Cash: Php250.00<br />'),
('2014-06-29 19:48:10', NULL, 1, 0, '', '', 0, '', 32, 0, 'Cash: Php250.00<br />'),
('2014-06-29 20:21:38', NULL, 1, 0, '', '', 0, '', 33, 0, 'Cash: Php250.00<br />'),
('2014-06-29 20:29:23', NULL, 1, 0, '', '', 0, '', 35, 0, 'Cash: Php250.00<br />'),
('2014-06-29 20:31:54', NULL, 1, 0, '', '', 0, '', 36, 0, 'Cash: Php250.00<br />'),
('2014-06-29 20:36:23', NULL, 1, 0, '', '', 0, '', 37, 0, 'Cash: Php250.00<br />'),
('2014-06-28 16:20:47', NULL, 1, 0, '', '', 0, '', 38, 0, 'Cash: Php250.00<br />'),
('2014-06-28 16:55:22', NULL, 1, 0, '', '', 0, '', 39, 0, 'Cash: Php250.00<br />'),
('2014-06-28 19:34:46', NULL, 1, 0, '', '', 0, '', 40, 0, 'Cash: Php250.00<br />'),
('2014-06-28 19:37:22', NULL, 1, 0, '', '', 0, '', 41, 0, 'Cash: Php250.00<br />'),
('2014-06-28 19:38:01', NULL, 1, 0, '', '', 0, '', 42, 0, 'Cash: Php250.00<br />'),
('2014-06-28 19:40:21', NULL, 1, 0, '', '', 0, '', 43, 0, 'Cash: Php250.00<br />'),
('2014-06-28 20:45:51', NULL, 1, 0, '', '', 0, '', 44, 0, 'Cash: Php250.00<br />'),
('2014-06-28 20:47:10', NULL, 1, 0, '', '', 0, '', 45, 0, 'Cash: Php250.00<br />'),
('2014-06-28 20:47:55', NULL, 1, 0, '', '', 0, '', 46, 0, 'Cash: Php250.00<br />'),
('2014-06-29 18:40:31', NULL, 1, 0, '', '', 0, '', 48, 0, ''),
('2014-06-29 19:29:23', NULL, 1, 0, '', '', 0, '', 49, 0, 'Cash: Php250.00<br />'),
('2014-06-29 21:32:16', NULL, 1, 0, '', '', 0, '', 50, 0, 'Cash: Php250.00<br />'),
('2014-06-29 21:50:02', NULL, 1, 0, '', '', 0, '', 51, 0, 'Cash: Php250.00<br />'),
('2014-06-29 22:01:14', NULL, 1, 0, '', '', 0, '', 52, 0, 'Cash: Php250.00<br />'),
('2014-06-30 17:41:59', NULL, 1, 0, '', '', 0, '', 53, 0, 'Cash: Php250.00<br />'),
('2014-06-30 17:51:23', NULL, 1, 0, '', '', 0, '', 54, 0, 'Cash: Php250.00<br />'),
('2014-06-30 17:53:35', NULL, 1, 0, '', '', 0, '', 55, 0, 'Cash: Php250.00<br />'),
('2014-06-30 18:06:14', NULL, 1, 0, '', '', 0, '', 56, 0, 'Cash: Php250.00<br />'),
('2014-07-05 16:57:10', NULL, 1, 0, '', '', 0, '', 57, 0, 'Cash: Php250.00<br />'),
('2014-07-05 18:05:00', NULL, 1, 0, '', '', 0, '', 58, 0, 'Cash: Php250.00<br />'),
('2014-07-05 18:09:50', NULL, 1, 0, '', '', 0, '', 59, 0, 'Cash: Php250.00<br />'),
('2014-07-05 18:10:06', NULL, 1, 0, '', '', 0, '', 60, 0, 'Cash: Php250.00<br />'),
('2014-07-05 18:33:27', NULL, 1, 0, '', '', 0, '', 61, 0, 'Cash: Php250.00<br />'),
('2014-07-05 18:38:23', NULL, 1, 0, '', '', 0, '', 62, 0, 'Cash: Php250.00<br />'),
('2014-07-05 18:39:19', NULL, 1, 0, '', '', 0, '', 63, 0, 'Cash: Php250.00<br />'),
('2014-07-05 18:41:44', NULL, 1, 0, '', '', 0, '', 64, 0, 'Cash: Php250.00<br />'),
('2014-07-05 18:53:50', NULL, 1, 0, '', '', 0, '', 65, 0, 'Cash: Php250.00<br />'),
('2014-07-05 18:57:02', NULL, 1, 0, '', '', 0, '', 66, 0, 'Cash: Php250.00<br />'),
('2014-07-05 18:58:23', NULL, 1, 0, '', '', 0, '', 67, 0, 'Cash: Php250.00<br />'),
('2014-07-05 19:05:17', NULL, 1, 0, '', '', 0, '', 68, 0, 'Cash: Php250.00<br />'),
('2014-07-05 19:13:47', NULL, 1, 0, '', '', 0, '', 69, 0, 'Cash: Php250.00<br />'),
('2014-07-05 19:14:57', NULL, 1, 0, '', '', 0, '', 70, 0, 'Cash: Php250.00<br />'),
('2014-07-05 19:20:43', NULL, 1, 0, '', '', 0, '', 71, 0, 'Cash: Php250.00<br />'),
('2014-07-05 19:23:39', NULL, 1, 0, '', '', 0, '', 72, 0, 'Cash: Php250.00<br />'),
('2014-07-05 19:26:23', NULL, 1, 0, '', '', 0, '', 73, 0, 'Cash: Php250.00<br />'),
('2014-07-05 19:30:17', NULL, 1, 0, '', '', 0, '', 74, 0, 'Cash: Php250.00<br />'),
('2014-07-05 19:32:21', NULL, 1, 0, '', '', 0, '', 75, 0, 'Cash: Php250.00<br />'),
('2014-07-05 19:35:16', NULL, 1, 0, '', '', 0, '', 76, 0, 'Cash: Php250.00<br />'),
('2014-07-05 19:36:47', NULL, 1, 0, '', '', 0, '', 77, 0, 'Cash: Php250.00<br />'),
('2014-07-05 19:50:02', NULL, 1, 0, '', '', 0, '', 78, 0, 'Cash: Php250.00<br />'),
('2014-07-05 22:39:37', NULL, 1, 0, '', '', 0, '', 79, 0, 'Cash: Php749.99<br />'),
('2014-07-05 22:44:45', NULL, 1, 0, '', '', 0, '', 80, 0, 'Cash: Php250.00<br />'),
('2014-07-06 22:34:54', NULL, 1, 0, '', '', 0, '', 81, 0, 'Cash: Php250.00<br />'),
('2014-07-06 22:40:23', NULL, 1, 0, '', '', 0, '', 82, 0, 'Cash: Php250.00<br />'),
('2014-07-06 22:45:35', NULL, 1, 0, '', '', 0, '', 83, 0, 'Cash: Php250.00<br />'),
('2014-07-07 20:22:01', NULL, 1, 0, '', '', 0, '', 86, 0, 'Cash: Php250.00<br />'),
('2014-07-07 20:29:10', NULL, 1, 0, '', '', 0, '', 87, 0, 'Cash: Php250.00<br />'),
('2014-07-08 19:17:47', NULL, 1, 0, '', '', 0, '', 88, 0, 'Cash: Php250.00<br />'),
('2014-07-08 19:42:36', NULL, 1, 0, '', '', 0, '', 89, 0, 'Cash: Php250.00<br />'),
('2014-07-08 21:41:18', NULL, 1, 0, '', '', 0, '', 90, 0, 'Cash: Php250.00<br />'),
('2014-07-08 22:59:48', NULL, 1, 0, '', '', 0, '', 91, 0, 'Cash: Php250.00<br />'),
('2014-07-09 00:06:07', NULL, 1, 0, '', '', 0, '', 96, 0, 'Cash: Php250.00<br />'),
('2014-07-09 14:16:52', NULL, 1, 0, '', '', 0, '', 97, 0, 'Cash: $250.00<br />'),
('2014-07-09 14:20:17', NULL, 1, 0, '', '', 0, '', 98, 0, 'Cash: $250.00<br />'),
('2014-07-09 14:21:00', NULL, 1, 0, '', '', 0, '', 99, 0, 'Cash: $250.00<br />'),
('2014-07-09 15:10:48', NULL, 1, 0, '', '', 0, '', 100, 0, 'Cash: Php250.00<br />'),
('2014-07-09 15:45:17', NULL, 1, 0, '', '', 0, '', 101, 0, 'Cash: Php250.00<br />'),
('2014-07-09 15:48:48', NULL, 1, 0, '', '', 0, '', 102, 0, 'Cash: Php250.00<br />'),
('2014-07-09 15:51:18', NULL, 1, 0, '', '', 0, '', 103, 0, 'Cash: Php250.00<br />'),
('2014-07-09 15:54:36', NULL, 1, 0, '', '', 0, '', 104, 0, 'Cash: Php250.00<br />'),
('2014-07-09 15:57:54', NULL, 1, 0, '', '', 0, '', 105, 0, 'Cash: Php250.00<br />'),
('2014-07-09 18:20:54', NULL, 1, 0, '', '', 0, '', 106, 0, 'Cash: Php250.00<br />'),
('2014-07-09 18:26:02', NULL, 1, 0, '', '', 0, '', 107, 0, 'Cash: Php250.00<br />'),
('2014-07-09 19:06:51', NULL, 1, 0, '', '', 0, '', 108, 69869995, 'Cash: Php250.00<br />'),
('2014-07-09 19:12:06', NULL, 1, 0, '', '', 0, '', 109, 20159606, 'Cash: Php250.00<br />'),
('2014-07-09 19:14:40', NULL, 1, 0, '', '', 0, '', 110, 66277465, 'Cash: Php250.00<br />'),
('2014-07-09 19:18:25', NULL, 1, 0, '', '', 0, '', 111, 40319519, 'Cash: Php250.00<br />'),
('2014-07-09 19:20:10', NULL, 1, 0, '', '', 0, '', 112, 64890441, 'Cash: Php250.00<br />'),
('2014-07-09 19:26:52', NULL, 1, 0, '', '', 0, '', 113, 81427612, 'Cash: Php250.00<br />'),
('2014-07-09 19:28:56', NULL, 1, 0, '', '', 0, '', 114, 64321899, 'Cash: Php250.00<br />'),
('2014-07-09 19:38:07', NULL, 1, 0, '', '', 0, '', 115, 93553771, 'Cash: Php250.00<br />'),
('2014-07-09 19:39:39', NULL, 1, 0, '', '', 0, '', 116, 13224487, 'Cash: Php250.00<br />'),
('2014-07-09 19:41:33', NULL, 1, 0, '', '', 0, '', 117, 66587829, 'Cash: Php250.00<br />'),
('2014-07-09 20:36:40', NULL, 1, 0, '', '', 0, '', 118, 66609802, 'Cash: Php250.00<br />'),
('2014-07-09 20:38:30', NULL, 1, 0, '', '', 0, '', 119, 29973144, 'Cash: Php250.00<br />'),
('2014-07-09 20:42:44', NULL, 1, 0, '', '', 0, '', 120, 71869506, 'Cash: Php250.00<br />'),
('2014-07-09 20:49:49', NULL, 1, 0, '', '', 0, '', 121, 32837829, 'Cash: Php223.21<br />'),
('2014-07-09 20:52:14', NULL, 1, 0, '', '', 0, '', 122, 12109375, 'Cash: Php250.00<br />'),
('2014-07-09 20:54:34', NULL, 1, 0, '', '', 0, '', 123, 90642395, 'Cash: Php250.00<br />'),
('2014-07-09 21:20:37', NULL, 1, 0, '', '', 0, '', 124, 26721191, 'Cash: Php250.00<br />'),
('2014-07-09 21:27:54', NULL, 1, 0, '', '', 0, '', 125, 49905090, 'Cash: Php250.00<br />'),
('2014-07-09 21:31:54', NULL, 1, 0, '', '', 0, '', 126, 34216613, 'Cash: Php250.00<br />'),
('2014-07-09 21:34:27', NULL, 1, 0, '', '', 0, '', 127, 84965209, 'Cash: Php250.00<br />'),
('2014-07-09 21:38:33', NULL, 1, 0, '', '', 0, '', 128, 55384521, 'Cash: Php250.00<br />'),
('2014-07-09 21:40:10', NULL, 1, 0, '', '', 0, '', 129, 55793762, 'Cash: Php250.00<br />'),
('2014-07-09 21:41:06', NULL, 1, 0, '', '', 0, '', 130, 16133117, 'Cash: Php250.00<br />'),
('2014-07-09 21:44:36', NULL, 1, 0, '', '', 0, '', 131, 69905700, 'Cash: Php250.00<br />'),
('2014-07-09 21:45:38', NULL, 1, 0, '', '', 0, '', 132, 16352844, 'Cash: Php250.00<br />'),
('2014-07-09 22:53:59', NULL, 1, 0, '', '', 0, '', 133, 63341369, 'Cash: Php223.21<br />'),
('2014-07-09 23:01:25', NULL, 1, 0, '', '', 0, '', 134, 20686950, 'Cash: Php250.00<br />'),
('2014-07-12 19:05:43', NULL, 1, 0, '', '', 0, '', 135, 71075744, 'Cash: Php250.00<br />'),
('2014-07-12 19:19:12', NULL, 1, 0, '', '', 0, '', 136, 42942504, 'Cash: Php250.00<br />'),
('2014-07-12 21:51:57', NULL, 1, 0, '', '', 0, '', 137, 60273437, 'Cash: Php250.00<br />'),
('2014-07-12 21:52:47', NULL, 1, 0, '', '', 0, '', 138, 34505004, 'Cash: Php250.00<br />'),
('2014-07-13 22:28:28', NULL, 1, 0, '', '', 0, '', 139, 0, 'Cash: Php250.00<br />'),
('2014-07-14 16:20:53', NULL, 1, 0, '', '', 0, '', 140, 0, 'Cash: Php250.00<br />'),
('2014-07-14 19:28:25', NULL, 1, 0, '', '', 0, '', 141, 0, ''),
('2014-07-14 19:48:54', NULL, 1, 0, '', '', 0, '', 142, 0, 'Cash: Php250.00<br />'),
('2014-07-14 19:52:11', NULL, 1, 0, '', '', 0, '', 143, 0, 'Cash: Php250.00<br />'),
('2014-07-14 19:58:38', NULL, 1, 0, '', '', 0, '', 144, 0, 'Cash: Php250.00<br />'),
('2014-07-14 20:03:31', NULL, 1, 0, '', '', 0, '', 145, 0, 'Cash: Php250.00<br />'),
('2014-07-14 20:04:44', NULL, 1, 0, '', '', 0, '', 146, 20178833, 'Cash: Php250.00<br />'),
('2014-07-14 20:14:54', NULL, 1, 0, '', '', 0, '', 147, 0, 'Cash: Php250.00<br />'),
('2014-07-14 20:16:45', NULL, 1, 0, '', '', 0, '', 148, 0, 'Cash: Php250.00<br />'),
('2014-07-14 20:28:41', NULL, 1, 0, '', '', 0, '', 149, 0, 'Cash: Php250.00<br />'),
('2014-07-14 20:31:07', NULL, 1, 0, '', '', 0, '', 150, 75920715, 'Cash: Php250.00<br />'),
('2014-07-14 20:33:28', NULL, 1, 0, '', '', 0, '', 151, 84240112, 'Cash: Php250.00<br />'),
('2014-07-14 20:37:05', NULL, 1, 0, '', '', 0, '', 152, 63852233, 'Cash: Php250.00<br />'),
('2014-07-14 20:38:03', NULL, 1, 0, '', '', 0, '', 153, 60891418, 'Cash: Php250.00<br />'),
('2014-07-14 20:38:42', NULL, 1, 0, '', '', 0, '', 154, 65107421, 'Cash: Php250.00<br />'),
('2014-07-14 20:39:37', NULL, 1, 0, '', '', 0, '', 155, 96437683, 'Cash: Php250.00<br />'),
('2014-07-14 20:43:35', NULL, 1, 0, '', '', 0, '', 156, 0, 'Cash: Php250.00<br />'),
('2014-07-14 20:43:35', NULL, 1, 0, '', '', 0, '', 157, 0, 'Cash: Php250.00<br />'),
('2014-07-14 20:43:52', NULL, 1, 0, '', '', 0, '', 158, 0, 'Cash: Php223.21<br />'),
('2014-07-14 20:43:52', NULL, 1, 0, '', '', 0, '', 159, 0, 'Cash: Php223.21<br />'),
('2014-07-14 20:45:25', NULL, 1, 0, '', '', 0, '', 160, 0, 'Cash: Php250.00<br />'),
('2014-07-14 20:45:25', NULL, 1, 0, '', '', 0, '', 161, 0, 'Cash: Php250.00<br />'),
('2014-07-14 20:52:53', NULL, 1, 0, '', '', 0, '', 163, 0, 'Cash: Php250.00<br />'),
('2014-07-14 20:54:39', NULL, 1, 0, '', '', 0, '', 164, 0, 'Cash: Php250.00<br />'),
('2014-07-14 20:54:59', NULL, 1, 0, '', '', 0, '', 165, 0, 'Cash: Php250.00<br />'),
('2014-07-14 22:07:20', NULL, 1, 0, '', '', 0, '', 166, 0, 'Cash: Php250.00<br />'),
('2014-07-16 15:48:46', NULL, 1, 0, '', '', 0, '', 171, 0, 'Cash: Php250.00<br />'),
('2014-07-16 15:48:47', NULL, 1, 0, '', '', 0, '', 172, 0, 'Cash: Php250.00<br />'),
('2014-07-16 15:49:09', NULL, 1, 0, '', '', 0, '', 173, 0, 'Cash: Php250.00<br />'),
('2014-07-16 15:49:09', NULL, 1, 0, '', '', 0, '', 174, 0, 'Cash: Php250.00<br />'),
('2014-07-16 15:50:23', NULL, 1, 0, '', '', 0, '', 175, 0, 'Cash: Php250.00<br />'),
('2014-07-16 15:50:23', NULL, 1, 0, '', '', 0, '', 176, 0, 'Cash: Php250.00<br />'),
('2014-07-16 16:10:34', NULL, 1, 0, '', '', 0, '', 177, 0, 'Cash: Php250.00<br />'),
('2014-07-16 16:13:24', NULL, 1, 0, '', '', 0, '', 178, 0, 'Cash: Php250.00<br />'),
('2014-07-16 16:15:06', NULL, 1, 0, '', '', 0, '', 179, 83078308, 'Cash: Php250.00<br />'),
('2014-07-16 16:21:01', NULL, 1, 0, '', '', 0, '', 180, 0, 'Cash: Php250.00<br />'),
('2014-07-16 16:23:24', NULL, 1, 0, '', '', 0, '', 181, 0, 'Cash: Php250.00<br />'),
('2014-07-16 16:31:32', NULL, 1, 0, '', '', 0, '', 182, 51314086, 'Cash: Php250.00<br />'),
('2014-07-16 16:35:38', NULL, 1, 0, '', '', 0, '', 183, 10876159, 'Cash: Php250.00<br />'),
('2014-07-16 19:55:40', NULL, 1, 0, '', '', 0, '', 184, 62278442, 'Cash: Php250.00<br />'),
('2014-07-16 20:02:53', NULL, 1, 0, '', '', 0, '', 185, 74363403, 'Cash: Php250.00<br />'),
('2014-07-16 20:11:53', NULL, 1, 0, '', '', 0, '', 186, 0, 'Cash: Php250.00<br />'),
('2014-07-17 15:19:09', NULL, 1, 0, '', '', 0, '', 187, 0, 'Cash: Php250.00<br />'),
('2014-07-17 15:24:09', NULL, 1, 0, '', '', 0, '', 188, 0, 'Cash: Php250.00<br />'),
('2014-07-17 15:26:30', NULL, 1, 0, '', '', 0, '', 189, 0, 'Cash: Php250.00<br />'),
('2014-07-17 15:27:49', NULL, 1, 0, '', '', 0, '', 190, 0, 'Cash: Php250.00<br />'),
('2014-07-17 15:28:57', NULL, 1, 0, '', '', 0, '', 191, 0, ''),
('2014-07-17 15:33:12', NULL, 1, 0, '', '', 0, '', 192, 0, ''),
('2014-07-17 15:34:59', NULL, 1, 0, '', '', 0, '', 193, 0, ''),
('2014-07-17 15:36:23', NULL, 1, 0, '', '', 0, '', 194, 0, ''),
('2014-07-17 15:38:42', NULL, 1, 0, '', '', 0, '', 195, 75429077, ''),
('2014-07-17 15:39:40', NULL, 1, 0, '', '', 0, '', 196, 38012390, ''),
('2014-07-17 15:40:36', NULL, 1, 0, '', '', 0, '', 197, 54744567, ''),
('2014-07-17 15:42:57', NULL, 1, 0, '', '', 0, '', 198, 43277587, ''),
('2014-07-17 15:45:49', NULL, 1, 0, '', '', 0, '', 199, 23211059, ''),
('2014-07-17 15:48:01', NULL, 1, 0, '', '', 0, '', 200, 0, ''),
('2014-07-17 15:49:46', NULL, 1, 0, '', '', 0, '', 201, 0, ''),
('2014-07-17 16:09:45', NULL, 1, 0, '', '', 0, '', 202, 0, ''),
('2014-07-17 16:26:38', NULL, 1, 0, '', '', 0, '', 203, 0, 'Cash: Php250.00<br />'),
('2014-07-17 16:26:59', NULL, 1, 0, '', '', 0, '', 204, 0, 'Cash: Php250.00<br />'),
('2014-07-17 16:28:22', NULL, 1, 0, '', '', 0, '', 205, 0, 'Cash: Php250.00<br />'),
('2014-07-17 16:34:14', NULL, 1, 0, '', '', 0, '', 206, 0, 'Cash: Php250.00<br />'),
('2014-07-17 17:00:48', NULL, 1, 0, '', '', 0, '', 207, 66596069, 'Cash: Php250.00<br />'),
('2014-07-17 17:03:18', NULL, 1, 0, '', '', 0, '', 208, 62042236, 'Cash: Php250.00<br />'),
('2014-07-17 17:04:13', NULL, 1, 0, '', '', 0, '', 209, 93372497, 'Cash: Php250.00<br />'),
('2014-07-17 17:27:39', NULL, 1, 0, '', '', 0, '', 210, 83718261, 'Cash: Php250.00<br />'),
('2014-07-17 17:28:25', NULL, 1, 0, '', '', 0, '', 211, 56491394, 'Cash: Php250.00<br />'),
('2014-07-17 17:55:19', NULL, 1, 0, '', '', 0, '', 212, 39322509, 'Cash: Php250.00<br />'),
('2014-07-17 18:17:54', NULL, 1, 0, '', '', 0, '', 213, 19755859, 'Cash: Php250.00<br />'),
('2014-07-17 18:38:10', NULL, 1, 0, '', '', 0, '', 214, 81869812, 'Cash: Php250.00<br />'),
('2014-07-17 18:52:19', NULL, 1, 0, '', '', 0, '', 215, 97495117, 'Cash: Php250.00<br />'),
('2014-07-17 18:56:59', NULL, 1, 0, '', '', 0, '', 216, 95564270, 'Cash: Php250.00<br />'),
('2014-07-17 19:00:13', NULL, 1, 0, '', '', 0, '', 217, 79505004, 'Cash: Php250.00<br />'),
('2014-07-17 19:14:39', NULL, 1, 0, '', '', 0, '', 218, 69383850, 'Cash: Php250.00<br />'),
('2014-07-17 19:18:39', NULL, 1, 0, '', '', 0, '', 219, 26097717, 'Cash: Php250.00<br />'),
('2014-07-17 19:23:55', NULL, 1, 0, '', '', 0, '', 220, 44104309, 'Cash: Php250.00<br />'),
('2014-07-17 19:26:51', NULL, 1, 0, '', '', 0, '', 221, 53791503, 'Cash: Php250.00<br />'),
('2014-07-17 19:29:22', NULL, 1, 0, '', '', 0, '', 222, 67807312, 'Cash: Php250.00<br />'),
('2014-07-17 19:31:23', NULL, 1, 0, '', '', 0, '', 223, 64733886, 'Cash: Php250.00<br />'),
('2014-07-17 19:33:24', NULL, 1, 0, '', '', 0, '', 224, 80230102, 'Cash: Php250.00<br />'),
('2014-07-17 20:16:54', NULL, 1, 0, '', '', 0, '', 225, 18423767, 'Cash: Php250.00<br />'),
('2014-07-20 14:30:07', NULL, 1, 0, '', '', 0, '', 226, 1628350649, 'Cash: Php250.00<br />'),
('2014-07-20 15:01:42', NULL, 1, 0, '', '', 0, '', 227, 153220088, 'Cash: Php250.00<br />'),
('2014-07-20 15:02:17', NULL, 1, 0, '', '', 0, '', 228, 302722938, 'Cash: Php250.00<br />'),
('2014-07-20 15:03:44', NULL, 1, 0, '', '', 0, '', 229, 1545375358, 'Cash: Php250.00<br />'),
('2014-07-20 15:06:08', NULL, 1, 0, '', '', 0, '', 230, 0, 'Cash: Php250.00<br />'),
('2014-07-20 17:07:45', NULL, 1, 0, '', '', 0, '', 231, 31112976, 'Cash: Php250.00<br />'),
('2014-07-20 17:08:20', NULL, 1, 0, '', '', 0, '', 232, 32480773, 'Cash: Php250.00<br />'),
('2014-07-20 17:40:43', NULL, 1, 0, '', '', 0, '', 233, 0, 'Cash: Php250.00<br />'),
('2014-07-20 17:40:43', NULL, 1, 0, '', '', 0, '', 234, 0, 'Cash: Php250.00<br />'),
('2014-07-20 17:42:17', NULL, 1, 0, '', '', 0, '', 235, 2062957757, 'Cash: Php250.00<br />'),
('2014-07-20 18:05:25', NULL, 1, 0, '', '', 0, '', 236, 1328229371, 'Cash: Php250.00<br />'),
('2014-07-20 18:18:41', NULL, 1, 0, '', '', 0, '', 237, 1515061212, 'Cash: Php250.00<br />'),
('2014-07-20 18:22:48', NULL, 1, 0, '', '', 0, '', 238, 1521199376, 'Cash: Php250.00<br />'),
('2014-07-20 18:38:00', NULL, 1, 0, '', '', 0, '', 239, 84533536, 'Cash: Php250.00<br />'),
('2014-07-20 18:55:12', NULL, 1, 0, '', '', 0, '', 240, 31019592, 'Cash: Php250.00<br />'),
('2014-07-20 18:57:10', NULL, 1, 0, '', '', 0, '', 241, 80806884, 'Cash: Php250.00<br />'),
('2014-07-20 18:57:58', NULL, 1, 0, '', '', 0, '', 242, 72149658, 'Cash: Php250.00<br />'),
('2014-07-20 19:00:52', NULL, 1, 0, '', '', 0, '', 243, 63267211, 'Cash: Php250.00<br />'),
('2014-07-20 19:42:06', NULL, 1, 0, '', '', 0, '', 244, 665430354, 'Cash: Php250.00<br />'),
('2014-07-20 21:18:45', NULL, 1, 0, '475475478', '', 0, '', 245, 923640489, 'Cash: Php250.00<br />'),
('2014-07-20 21:39:31', NULL, 1, 0, '435436', '', 0, '', 246, 0, 'Cash: Php250.00<br />'),
('2014-07-20 21:41:49', NULL, 1, 0, '549875498', '', 0, '', 247, 0, 'Cash: Php178.57<br />'),
('2014-07-20 21:43:10', NULL, 1, 0, '9854984789', '', 0, '', 248, 109538626, 'Cash: Php178.57<br />'),
('2014-07-21 15:15:09', NULL, 1, 0, '0', '', 0, '', 249, 1306623439, ''),
('2014-07-21 15:21:14', NULL, 1, 0, '0', '', 0, '', 250, 160871401, ''),
('2014-07-21 15:23:25', NULL, 1, 0, '0', '', 0, '', 251, 1594078849, ''),
('2014-07-21 15:26:36', NULL, 1, 0, '0', '', 0, '', 252, 725694115, ''),
('2014-07-21 18:36:34', NULL, 1, 0, '0', '', 0, '', 253, 1797203980, ''),
('2014-07-21 18:41:51', NULL, 1, 0, '0', '', 0, '', 254, 201038670, ''),
('2014-07-21 20:07:35', NULL, 1, 0, '0', '', 0, '', 255, 709955836, ''),
('2014-07-21 20:11:52', NULL, 1, 0, '0', '', 0, '', 256, 215389384, ''),
('2014-07-21 20:18:18', NULL, 1, 0, '0', '', 0, '', 257, 1681534541, ''),
('2014-07-21 20:45:40', NULL, 1, 0, '0', '', 0, '', 258, 799921279, ''),
('2014-07-22 14:28:41', NULL, 1, 0, '0', '', 0, '', 259, 520468045, 'Cash: Php250.00<br />'),
('2014-07-22 14:34:20', NULL, 1, 0, '0', '', 0, '', 260, 0, 'Cash: Php250.00<br />'),
('2014-07-22 21:11:21', NULL, 1, 0, '0', '', 0, '', 261, 154326212, ''),
('2014-07-22 21:15:41', NULL, 1, 0, '0', '', 0, '', 262, 851502021, ''),
('2014-07-22 21:18:35', NULL, 1, 0, '0', '', 0, '', 263, 976788858, ''),
('2014-07-23 18:51:38', NULL, 1, 0, '0', '', 0, '', 264, 84016933, ''),
('2014-07-23 18:54:42', NULL, 1, 0, '0', '', 0, '', 265, 788057619, ''),
('2014-07-23 19:04:38', NULL, 1, 0, '0', '', 0, '', 266, 1071951438, ''),
('2014-07-24 19:37:49', NULL, 1, 0, '0', '', 0, '', 267, 350890875, ''),
('2014-07-24 20:07:44', NULL, 1, 0, '0', '', 0, '', 268, 471727345, ''),
('2014-07-24 20:11:20', NULL, 1, 0, '0', '', 0, '', 269, 2053507702, ''),
('2014-07-24 20:14:30', NULL, 1, 0, '0', '', 0, '', 270, 383080945, ''),
('2014-07-24 20:23:08', NULL, 1, 0, '0', '', 0, '', 271, 929918987, ''),
('2014-07-24 20:27:42', NULL, 1, 0, '0', '', 0, '', 272, 170775841, ''),
('2014-07-24 20:30:19', NULL, 1, 0, '0', '', 0, '', 273, 1675417589, ''),
('2014-07-24 21:56:19', NULL, 1, 0, '0', '', 0, '', 274, 2109781875, ''),
('2014-07-27 16:24:07', NULL, 1, 0, '0', '', 0, '', 275, 1635575011, 'Cash: Php250.00<br />'),
('2014-07-27 18:57:56', NULL, 1, 0, '0', '', 0, '', 276, 2131087485, 'Cash: Php250.00<br />'),
('2014-07-27 20:00:44', NULL, 1, 0, '0', '', 0, '', 277, 323777478, 'Cash: Php250.00<br />'),
('2014-07-27 20:02:43', NULL, 1, 0, '0', '', 0, '', 278, 2018261104, 'Cash: Php250.00<br />'),
('2014-07-27 21:52:43', NULL, 1, 0, '0', '', 0, '', 279, 1829134586, 'Cash: Php250.00<br />'),
('2014-07-27 22:05:57', NULL, 1, 0, '0', '', 0, '', 280, 1493000964, 'Cash: Php250.00<br />'),
('2014-07-27 22:10:38', NULL, 1, 0, '', '', 0, '', 281, 86146240, 'Cash: Php250.00<br />'),
('2014-07-29 16:08:42', NULL, 1, 0, '', '', 0, '', 282, 91804199, 'Cash: Php250.00<br />'),
('2014-07-31 15:48:06', NULL, 1, 0, '', '', 0, '', 283, 45142517, 'Cash: Php250.00<br />'),
('2014-07-31 20:38:17', NULL, 1, 0, '', '', 0, '', 284, 81163940, 'Cash: Php250.00<br />'),
('2014-07-31 20:42:36', NULL, 1, 0, '', '', 0, '', 285, 49270629, 'Cash: Php250.00<br />'),
('2014-08-01 14:08:09', NULL, 1, 0, '', '', 0, '', 286, 18566589, 'Cash: Php250.00<br />'),
('2014-08-01 15:31:39', NULL, 1, 0, '43743643', '', 0, '', 287, 82468566, 'Cash: Php250.00<br />'),
('2014-08-01 15:55:44', NULL, 1, 0, '1674136436', '', 0, '', 288, 77030334, 'Cash: Php178.57<br />'),
('2014-08-01 16:11:31', NULL, 1, 41050109, '314gfgs5434', '', 0, '', 289, 41050109, 'Cash: Php250.00<br />'),
('2014-08-01 16:13:24', NULL, 1, 69419555, '243524655656', '', 0, '', 290, 69419555, 'Cash: Php178.57<br />'),
('2014-08-01 16:21:12', NULL, 1, 0, '0', '', 0, '', 291, 30011596, 'Cash: Php250.00<br />'),
('2014-08-01 17:27:27', NULL, 1, 0, '0', '', 0, '', 292, 44335021, 'Cash: Php178.57<br />'),
('2014-08-01 17:36:51', NULL, 1, 77612609, '232565665', '', 0, '', 293, 77612609, 'Cash: Php250.00<br />'),
('2014-08-03 19:57:32', NULL, 1, 17937622, '14343255', '', 0, '', 294, 17937622, 'Cash: Php178.57<br />'),
('2014-08-05 21:38:28', NULL, 1, 21098937, '0', '', 0, '', 295, 21098937, 'Cash: Php250.00<br />'),
('2014-08-05 21:41:29', NULL, 1, 70773620, '0', '', 0, '', 296, 70773620, 'Cash: Php250.00<br />'),
('2014-08-06 17:40:59', NULL, 1, 27844543, '0', '', 0, '', 297, 27844543, 'Cash: Php250.00<br />'),
('2014-08-06 17:44:10', NULL, 1, 64645996, '0', '', 0, '', 298, 64645996, 'Cash: Php250.00<br />'),
('2014-08-06 17:51:14', NULL, 1, 89604187, '0', '', 0, '', 299, 89604187, 'Cash: Php499.99<br />'),
('2014-08-06 17:56:21', NULL, 1, 49053649, '0', '', 0, '', 300, 49053649, 'Cash: Php178.57<br />'),
('2014-08-06 17:57:36', NULL, 1, 91776733, '0', '', 0, '', 301, 91776733, 'Cash: Php250.00<br />'),
('2014-08-06 17:59:23', NULL, 1, 80158691, '0', '', 0, '', 302, 80158691, 'Cash: Php250.00<br />'),
('2014-08-06 18:01:13', NULL, 1, 71388854, '0', '', 0, '', 303, 71388854, 'Cash: Php250.00<br />'),
('2014-08-06 18:14:03', NULL, 1, 41442871, '0', '', 0, '', 304, 41442871, 'Cash: Php250.00<br />'),
('2014-08-06 18:16:55', NULL, 1, 85421142, '0', '', 0, '', 305, 85421142, 'Cash: Php250.00<br />'),
('2014-08-06 18:17:28', NULL, 1, 86788940, '0', '', 0, '', 306, 86788940, 'Cash: Php250.00<br />'),
('2014-08-06 18:56:13', NULL, 1, 61204528, '0', '', 0, '', 307, 61204528, 'Cash: Php250.00<br />'),
('2014-08-06 20:16:22', NULL, 1, 82608642, '0', '', 0, '', 308, 82608642, 'Cash: Php250.00<br />'),
('2014-08-06 20:17:29', NULL, 1, 66774597, '0', '', 0, '', 309, 66774597, 'Cash: Php250.00<br />'),
('2014-08-06 20:35:36', NULL, 1, 73404846, '0', '', 0, '0', 310, 73404846, 'Cash: Php250.00<br />'),
('2014-08-06 20:45:19', NULL, 1, 28075256, '0', '', 0, '0', 311, 28075256, 'Cash: Php250.00<br />'),
('2014-08-06 20:53:08', NULL, 1, 97236938, '0', '', 0, '0', 312, 97236938, 'Cash: Php1000.00<br />'),
('2014-08-06 20:54:15', NULL, 1, 81402893, '0', '', 0, '0', 313, 81402893, 'Cash: Php178.57<br />'),
('2014-08-06 20:54:54', NULL, 1, 85618896, '34215456', '', 0, '0', 314, 85618896, 'Cash: Php178.57<br />'),
('2014-08-06 20:57:25', NULL, 1, 99634704, '0', '', 0, '0', 315, 99634704, 'Cash: Php250.00<br />'),
('2014-08-06 21:15:07', NULL, 1, 20593566, '0', '', 0, '0', 316, 20593566, 'Cash: Php250.00<br />'),
('2014-08-06 21:29:36', NULL, 1, 47611694, '0', '', 0, '0', 317, 47611694, 'Cash: Php178.57<br />'),
('2014-08-06 21:36:58', NULL, 1, 65393066, '2345545445', '', 0, '0', 318, 65393066, 'Cash: Php178.57<br />'),
('2014-08-06 22:13:23', NULL, 1, 31489257, '0', '', 0, '0', 319, 31489257, 'Cash: Php250.00<br />'),
('2014-08-06 22:17:08', NULL, 1, 88228149, '113234234', '', 0, '0', 320, 88228149, 'Cash: Php178.57<br />'),
('2014-08-06 23:02:11', NULL, 1, 61968078, '0', '', 0, '0', 331, 61968078, 'Cash: Php250.00<br />'),
('2014-08-06 23:03:30', NULL, 1, 88969726, '54544554', '', 0, '0', 332, 88969726, 'Cash: Php200.00<br />'),
('2014-08-06 23:04:52', NULL, 1, 81680297, '0', '', 0, '0', 333, 81680297, 'Cash: Php500.00<br />'),
('2014-08-06 23:07:12', NULL, 1, 71430053, '2534545', '', 0, '0', 334, 71430053, 'Cash: Php500.00<br />'),
('2014-08-07 14:52:19', NULL, 1, 10068664, '0', '', 0, '', 337, 10068664, 'Cash: Php250.00<br />'),
('2014-08-07 14:52:59', NULL, 1, 14284667, '0', '', 0, '', 338, 14284667, 'Cash: Php250.00<br />'),
('2014-08-07 14:55:42', NULL, 1, 89705810, '0', '', 0, '', 339, 89705810, 'Cash: Php250.00<br />'),
('2014-08-07 17:28:11', NULL, 1, 63352355, '4434545', '', 0, 'dine-in', 341, 63352355, 'Cash: Php178.57<br />'),
('2014-08-07 18:19:04', NULL, 1, 56466674, '0', '', 0, 'dine-in', 342, 56466674, 'Cash: Php250.00<br />'),
('2014-08-07 18:20:39', NULL, 1, 20582580, '0', '', 0, 'take-out', 343, 20582580, 'Cash: Php250.00<br />'),
('2014-08-07 18:23:33', NULL, 1, 11700134, '4355454', '', 0, 'Dine-in', 344, 11700134, 'Cash: Php500.00<br />'),
('2014-08-07 18:26:48', NULL, 1, 32780151, '213245', '', 0, 'TakeOut', 345, 32780151, 'Cash: Php500.00<br />'),
('2014-08-07 18:29:20', NULL, 1, 46795959, '4545454', '', 0, 'TakeOut', 346, 46795959, 'Cash: Php250.00<br />'),
('2014-08-07 18:39:42', NULL, 1, 95682373, '3q423434', '', 0, 'dine', 347, 95682373, 'Cash: Php223.21<br />'),
('2014-08-07 18:42:52', NULL, 1, 23914184, '0', '', 0, 'dine', 348, 23914184, 'Cash: Php250.00<br />'),
('2014-08-07 18:47:04', NULL, 1, 23463745, '0', '', 0, 'TakeOut', 349, 23463745, 'Cash: Php500.00<br />'),
('2014-08-07 19:07:04', NULL, 1, 77033081, '34554554', '', 0, 'Dine-in', 350, 77033081, 'Credit Card: Php500.00<br />'),
('2014-08-07 19:11:27', NULL, 1, 82279052, '34243434', '', 0, 'Dine-in', 351, 82279052, 'Cash: Php178.57<br />'),
('2014-08-07 19:13:46', NULL, 1, 72028808, '', '', 0, 'dinein', 352, 72028808, 'Cash: Php250.00<br />'),
('2014-08-07 19:18:02', NULL, 1, 55856933, '54545476', '', 0, 'TakeOut', 353, 55856933, 'Cash: Php500.00<br />'),
('2014-08-07 19:29:49', NULL, 1, 44593200, '0', '', 0, 'Dine-in', 354, 44593200, 'Cash: Php500.00<br />'),
('2014-08-07 19:31:23', NULL, 1, 61569824, '43431455465', '', 0, 'Take-Out', 355, 61569824, 'Cash: Php500.00<br />'),
('2014-08-07 19:38:22', NULL, 1, 12249450, '0', '', 0, 'TakeOut', 356, 12249450, 'Cash: Php500.00<br />'),
('2014-08-07 19:40:26', NULL, 1, 83454589, '0', '', 0, 'Dinein', 357, 83454589, 'Cash: Php250.00<br />'),
('2014-08-07 19:42:04', NULL, 1, 84709777, '435647', '', 0, 'TakeOut', 358, 84709777, 'Cash: Php500.00<br />'),
('2014-08-07 19:43:44', NULL, 1, 70243530, '0', '', 0, '0', 359, 70243530, 'Cash: Php250.00<br />'),
('2014-08-07 19:45:23', NULL, 1, 90068359, '543545', '', 0, 'Dine/in', 360, 90068359, 'Cash: Php500.00<br />'),
('2014-08-07 19:48:45', NULL, 1, 61135864, '0', '', 0, 'TakeOut', 361, 61135864, 'Cash: Php500.00<br />'),
('2014-08-07 19:52:57', NULL, 1, 79255065, '0', '', 0, 'DineIn', 362, 79255065, 'Cash: Php500.00<br />'),
('2014-08-07 20:17:14', NULL, 1, 26652526, '0', '', 0, 'Dine-in', 363, 26652526, 'Cash: Php500.00<br />'),
('2014-08-07 20:19:50', NULL, 1, 62086181, '0', '', 0, '0', 364, 62086181, 'Cash: Php250.00<br />'),
('2014-08-07 20:21:15', NULL, 1, 91936035, '0', '', 0, 'dine-in', 365, 91936035, 'Cash: Php250.00<br />'),
('2014-08-07 20:24:42', NULL, 1, 84421386, '0', '', 0, 'Dine/In', 366, 84421386, 'Cash: Php500.00<br />'),
('2014-08-07 20:29:52', NULL, 1, 81010131, '545545454', '', 0, 'Take/Out', 367, 81010131, 'Cash: Php500.00<br />'),
('2014-08-07 20:43:31', 2, 1, 79546203, '0', '', 0, 'Take/Out', 368, 79546203, 'Cash: Php500.00<br />'),
('2014-08-07 20:45:50', 3, 1, 50726318, '0', '', 0, 'Dine/In', 369, 50726318, 'Cash: Php500.00<br />'),
('2014-08-07 20:48:31', 4, 1, 70438537, '423145454', '', 0, 'Take/Out', 370, 70438537, 'Credit Card: Php500.00<br />'),
('2014-08-07 20:57:47', NULL, 1, 26589355, '0', '', 0, '0', 371, 26589355, 'Cash: Php200.00<br />'),
('2014-08-10 15:28:16', NULL, 1, 65761108, '567457654\ngrace', '', 0, 'Dine-in', 372, 65761108, 'Cash: Php428.56<br />'),
('2014-08-10 15:32:28', 2, 1, 65310668, '467348 \nmikol', '', 0, 'Take-out', 373, 65310668, 'Cash: Php500.00<br />'),
('2014-08-10 15:35:11', 4, 1, 32162170, '54353554', '', 0, 'dine', 374, 32162170, 'Cash: Php1000.00<br />'),
('2014-08-10 15:42:27', NULL, 1, 28525695, '42245454', '', 0, 'dine', 375, 28525695, 'Cash: Php200.00<br />'),
('2014-08-10 15:44:18', 3, 1, 19755859, '54545454', '', 0, 'dine', 376, 19755859, 'Cash: Php200.00<br />'),
('2014-08-10 19:06:31', NULL, 1, 55211486, '0', '', 0, '0', 377, 55211486, 'Cash: Php250.00<br />'),
('2014-08-10 20:23:42', NULL, 1, 11219482, '0', '', 0, '0', 378, 11219482, 'Cash: Php250.00<br />'),
('2014-08-10 20:26:11', NULL, 1, 59526367, '0', '', 0, 'Dine-n', 379, 59526367, 'Cash: Php250.00<br />'),
('2014-08-10 21:52:34', NULL, 1, 95976257, '0', '', 0, '0', 380, 95976257, 'Cash: Php250.00<br />'),
('2014-08-10 21:55:25', NULL, 1, 49954528, '0', '', 0, 'Dine-in', 381, 49954528, 'Cash: Php178.57<br />'),
('2014-08-10 22:08:44', NULL, 1, 37097778, '43343', '', 0, '0', 382, 37097778, 'Cash: Php178.57<br />'),
('2014-08-10 22:12:52', NULL, 1, 52368774, '435554', '', 0, '0', 383, 52368774, 'Cash: Php178.57<br />'),
('2014-08-10 22:15:57', NULL, 1, 67752380, '434325454', '', 0, 'Dine-in', 384, 67752380, 'Cash: Php500.00<br />'),
('2014-08-10 22:17:40', NULL, 1, 90425415, '4544554', '', 0, 'Dine-in', 385, 90425415, 'Cash: Php178.57<br />'),
('2014-08-10 22:20:00', NULL, 1, 80175170, '4544554', '', 0, 'Dine-in', 386, 80175170, 'Cash: Php178.57<br />'),
('2014-08-10 22:29:44', NULL, 1, 16275939, '0', '', 0, '0', 387, 16275939, 'Cash: Php178.57<br />'),
('2014-08-11 13:54:26', NULL, 1, 85673828, '454545454', '', 0, 'dine-in', 388, 85673828, 'Cash: Php178.57<br />'),
('2014-08-11 14:09:42', NULL, 1, 85465087, '3355', '', 0, '0', 389, 85465087, 'Cash: Php178.57<br />'),
('2014-08-11 14:39:01', NULL, 1, 79463806, '0', '', 0, '0', 390, 79463806, 'Cash: Php178.57<br />'),
('2014-08-11 14:43:22', NULL, 1, 66140136, '0', '', 0, '0', 391, 66140136, 'Cash: Php178.57<br />'),
('2014-08-11 14:48:33', NULL, 1, 62728881, '0', '', 0, '0', 392, 62728881, 'Cash: Php222.76<br />'),
('2014-08-11 14:48:49', NULL, 1, 18412780, '0', '', 0, '0', 393, 18412780, 'Cash: Php222.76<br />'),
('2014-08-11 14:49:08', NULL, 1, 11235961, '0', '', 0, '0', 394, 11235961, 'Cash: Php222.76<br />'),
('2014-08-11 14:49:18', NULL, 1, 88362731, '0', '', 0, '0', 395, 88362731, 'Cash: Php222.76<br />'),
('2014-08-11 15:11:36', NULL, 1, 75972900, '0', '', 0, '0', 396, 75972900, 'Cash: Php178.57<br />'),
('2014-08-11 15:18:55', NULL, 1, 38045349, '0', '', 0, '0', 397, 38045349, 'Cash: Php178.57<br />'),
('2014-08-11 19:04:11', NULL, 1, 52453918, '4342423423', '', 0, 'dfsfdfd', 398, 52453918, 'Cash: Php178.57<br />'),
('2014-08-11 20:32:46', NULL, 1, 91526794, '4343234243', '', 0, 'Dine-in', 399, 91526794, 'Cash: Php500.00<br />'),
('2014-08-11 20:49:16', NULL, 1, 44041137, '0', '', 0, '0', 400, 44041137, 'Cash: Php178.57<br />'),
('2014-08-11 21:05:05', NULL, 1, 26630554, '0', '', 0, '0', 401, 26630554, 'Cash: Php178.57<br />'),
('2014-08-11 21:05:34', NULL, 1, 25150146, '0', '', 0, '0', 402, 25150146, 'Cash: Php178.57<br />'),
('2014-08-11 21:07:40', NULL, 1, 96355285, '0', '', 0, '0', 403, 96355285, 'Cash: Php178.57<br />'),
('2014-08-11 21:10:53', NULL, 1, 80296020, '43354545', '', 0, '0', 404, 80296020, 'Cash: Php178.57<br />'),
('2014-08-11 21:12:43', NULL, 1, 52956542, '0', '', 0, '0', 405, 52956542, 'Cash: Php178.57<br />'),
('2014-08-11 21:14:30', NULL, 1, 78477783, '324342342342', '', 0, 'Dine-in', 406, 78477783, 'Cash: Php178.57<br />'),
('2014-08-11 22:08:15', NULL, 1, 25570373, '32443432', '', 0, 'dine-in', 407, 25570373, 'Cash: Php500.00<br />'),
('2014-08-12 20:40:37', NULL, 1, 23389587, '42134443', '', 0, '', 408, 23389587, 'Cash: Php178.57<br />'),
('2014-08-13 20:03:49', NULL, 1, 48614196, '0', '', 0, '0', 409, 48614196, 'Cash: Php178.57<br />'),
('2014-08-17 00:26:31', NULL, 1, 50113830, '3232332', '', 0, '', 410, 50113830, 'Cash: Php178.57<br />'),
('2014-08-17 00:48:47', NULL, 1, 19154357, '0', '', 0, '', 411, 19154357, 'Cash: Php178.57<br />'),
('2014-08-17 00:57:25', NULL, 1, 79658813, '0', '', 0, '', 412, 79658813, 'Cash: -Php175.37<br />'),
('2014-08-17 01:56:18', NULL, 1, 94770507, '0', '', 0, '', 413, 94770507, 'Cash: Php178.57<br />'),
('2014-08-17 01:57:08', NULL, 1, 33252563, '0', '', 0, '', 414, 33252563, 'Cash: Php178.57<br />'),
('2014-08-17 01:58:57', NULL, 1, 77343444, '0', '', 0, '', 415, 77343444, 'Cash: Php178.57<br />'),
('2014-08-17 02:00:28', NULL, 1, 57180786, '0', '', 0, '', 416, 57180786, 'Cash: Php178.57<br />'),
('2014-08-17 02:02:22', NULL, 1, 14119873, '0', '', 0, '', 417, 14119873, 'Cash: Php178.57<br />'),
('2014-08-17 02:10:10', NULL, 1, 64711914, '0', '', 0, '', 418, 64711914, 'Cash: Php178.57<br />'),
('2014-08-17 02:13:09', NULL, 1, 58677673, '0', '', 0, '', 419, 58677673, 'Cash: Php178.57<br />'),
('2014-08-17 02:16:17', NULL, 1, 39770202, '0', '', 0, '', 420, 39770202, 'Cash: Php428.56<br />'),
('2014-08-17 02:22:42', NULL, 1, 79082031, '0', '', 0, '', 421, 79082031, 'Cash: Php178.57<br />'),
('2014-08-17 02:23:50', NULL, 1, 81817626, '0', '', 0, '', 422, 81817626, 'Cash: Php178.57<br />'),
('2014-08-17 02:30:43', NULL, 1, 11079406, '0', '', 0, '', 423, 11079406, 'Cash: Php178.57<br />'),
('2014-08-17 02:32:08', NULL, 1, 59498901, '0', '', 0, '', 424, 59498901, 'Cash: Php178.57<br />'),
('2014-08-17 20:13:01', NULL, 1, 12864685, '0', '', 0, '', 425, 12864685, 'Cash: Php178.57<br />'),
('2014-08-17 21:45:15', NULL, 1, 87258605, '0', '', 0, '', 426, 87258605, 'Cash: Php178.57<br />'),
('2014-08-17 22:11:46', NULL, 1, 21557617, '0', '', 0, '', 427, 21557617, 'Cash: Php178.57<br />'),
('2014-08-17 22:18:18', NULL, 1, 10856933, '0', '', 0, '', 428, 10856933, 'Cash: Php178.57<br />'),
('2014-08-18 02:48:32', NULL, 1, 49017944, '2333', '', 0, '', 429, 49017944, 'Cash: Php1000.00<br />'),
('2014-08-18 02:59:56', NULL, 1, 60652465, '0', '', 0, '', 430, 60652465, 'Cash: Php500.00<br />'),
('2014-08-18 03:01:44', NULL, 1, 86173706, '0', '', 0, '', 431, 86173706, 'Cash: Php250.00<br />'),
('2014-08-18 04:31:52', 3, 1, 70792846, '0', '', 0, '', 432, 70792846, 'Cash: Php250.00<br />'),
('2014-08-18 04:32:19', 2, 1, 32173156, '0', '', 0, '', 433, 32173156, 'Cash: Php250.00<br />'),
('2014-08-18 04:32:44', 4, 1, 46414184, '0', '', 0, '', 434, 46414184, 'Cash: Php250.00<br />'),
('2014-08-18 04:33:29', 3, 1, 72048034, '0', '', 0, '', 435, 72048034, 'Cash: Php250.00<br />'),
('2014-08-18 04:43:24', NULL, 1, 50984497, '0', '', 0, '', 436, 50984497, 'Cash: Php250.00<br />'),
('2014-08-18 04:47:58', NULL, 1, 80496520, '0', '', 0, '', 437, 80496520, 'Cash: Php250.00<br />'),
('2014-08-18 04:49:21', NULL, 1, 20346374, '0', '', 0, '', 438, 20346374, 'Cash: Php250.00<br />'),
('2014-08-18 04:50:50', NULL, 1, 53044433, '0', '', 0, '', 439, 53044433, 'Cash: Php250.00<br />'),
('2014-08-18 04:51:49', NULL, 1, 68653259, '12332\njuls', '', 0, '', 440, 68653259, 'Cash: Php200.00<br />'),
('2005-08-01 20:27:20', NULL, 1, 68991088, '3212332\njuls', '', 0, '', 441, 68991088, 'Cash: Php500.00<br />'),
('2014-08-22 21:39:57', 3, 1, 57073669, '335355', '', 0, 'dine', 442, 57073669, 'Credit Card: Php500.00<br />'),
('2014-08-29 20:06:09', NULL, 1, 36078796, '0', '', 0, 'Dine in', 443, 36078796, 'Cash: Php377.72<br />'),
('2014-08-29 20:57:41', NULL, 1, 33409118, '0', '', 0, '0', 444, 33409118, 'Cash: Php377.72<br />'),
('2014-08-29 21:02:34', NULL, 1, 74313964, '0', '', 0, 'Dine in', 445, 74313964, 'Cash: Php755.44<br />'),
('2014-08-29 21:10:37', NULL, 1, 24880981, '0', '', 0, 'DINE IN', 446, 24880981, 'Cash: Php377.72<br />'),
('2014-08-29 21:16:14', NULL, 1, 91419677, '0', '', 0, 'DINE IN', 447, 91419677, 'Cash: Php377.72<br />'),
('2014-08-29 21:18:17', NULL, 1, 35485534, '0', '', 0, 'DINE IN', 448, 35485534, 'Cash: Php377.72<br />'),
('2014-08-29 21:59:25', NULL, 1, 55359802, '0', '', 0, 'DINE IN', 449, 55359802, 'Cash: Php377.72<br />'),
('2014-08-29 22:11:39', NULL, 1, 95476379, '0', '', 0, 'DINE IN', 450, 95476379, 'Cash: Php377.72<br />'),
('2014-08-29 22:15:25', NULL, 1, 62215270, '0', '', 0, 'DINE IN', 451, 62215270, 'Cash: Php377.72<br />'),
('2014-08-29 23:15:37', NULL, 1, 85758972, '0', '', 0, 'DINE IN', 452, 85758972, 'Cash: Php377.72<br />'),
('2014-09-01 20:33:23', NULL, 1, 99848937, '0', '', 0, '0', 453, 99848937, 'Cash: Php250.00<br />'),
('2014-09-01 20:56:53', NULL, 1, 93042907, '0', '', 0, '0', 454, 93042907, 'Cash: Php250.00<br />'),
('2014-09-01 22:53:44', NULL, 1, 54796752, '0', '', 0, '0', 455, 54796752, 'Cash: Php88.00<br />'),
('2014-09-06 23:36:24', NULL, 1, 98038940, '0', '', 0, '0', 456, 98038940, 'Cash: Php178.57<br />'),
('2014-09-07 00:02:15', NULL, 1, 99552307, '0', '', 0, '0', 457, 99552307, 'Cash: Php178.57<br />'),
('2014-09-07 00:03:10', NULL, 1, 40882568, '0', '', 0, '0', 458, 40882568, 'Cash: Php200.00<br />'),
('2014-09-08 20:21:21', NULL, 1, 11513366, '0', '', 0, '0', 459, 11513366, 'Cash: Php357.14<br />'),
('2014-09-08 20:24:26', NULL, 1, 98327331, '0', '', 0, '0', 460, 98327331, 'Cash: Php178.57<br />'),
('2014-09-08 20:30:10', NULL, 1, 24853515, '0', '', 0, '0', 461, 24853515, 'Cash: Php178.57<br />'),
('2014-09-08 20:36:31', NULL, 1, 79886779, '0', '', 0, '0', 462, 79886779, 'Cash: Php178.57<br />'),
('2014-09-08 20:37:19', NULL, 1, 71229553, '0', '', 0, '0', 463, 71229553, 'Cash: Php178.57<br />'),
('2014-09-10 20:37:17', NULL, 1, 98074645, '0', '', 0, '0', 464, 98074645, 'Cash: Php200.00<br />'),
('2014-09-10 20:54:24', NULL, 1, 89096069, '0', '', 0, '0', 465, 89096069, 'Cash: Php178.57<br />'),
('2014-09-10 20:57:32', NULL, 1, 51618957, '0', '', 0, '0', 466, 51618957, 'Cash: Php178.57<br />'),
('2014-09-10 21:01:20', NULL, 1, 74066772, '0', '', 0, '0', 467, 74066772, 'Cash: Php250.00<br />');

-- --------------------------------------------------------

--
-- Table structure for table `ospos_sales_items`
--

CREATE TABLE IF NOT EXISTS `ospos_sales_items` (
  `sale_id` int(10) NOT NULL DEFAULT '0',
  `item_id` int(10) NOT NULL DEFAULT '0',
  `or_id` int(10) NOT NULL,
  `description` varchar(30) DEFAULT NULL,
  `serialnumber` varchar(30) DEFAULT NULL,
  `line` int(3) NOT NULL DEFAULT '0',
  `quantity_purchased` double(15,2) NOT NULL DEFAULT '0.00',
  `item_cost_price` decimal(15,2) NOT NULL,
  `item_unit_price` double(15,2) NOT NULL,
  `discount_percent` int(11) NOT NULL DEFAULT '0',
  `senior_discount` int(11) NOT NULL,
  PRIMARY KEY (`sale_id`,`item_id`,`line`),
  KEY `item_id` (`item_id`)
) ENGINE=InnoDB DEFAULT CHARSET=utf8;

--
-- Dumping data for table `ospos_sales_items`
--

INSERT INTO `ospos_sales_items` (`sale_id`, `item_id`, `or_id`, `description`, `serialnumber`, `line`, `quantity_purchased`, `item_cost_price`, `item_unit_price`, `discount_percent`, `senior_discount`) VALUES
(1, 2, 0, '', '', 1, 1.00, 0.00, 223.21, 20, 0),
(2, 1, 0, '', '', 1, 1.00, 0.00, 223.21, 0, 0),
(3, 1, 0, '', '', 1, 1.00, 0.00, 223.21, 0, 0),
(4, 1, 0, '', '', 1, 1.00, 0.00, 223.21, 0, 0),
(5, 1, 0, '', '', 1, 1.00, 0.00, 223.21, 0, 0),
(6, 1, 0, '', '', 1, 1.00, 0.00, 223.21, 0, 0),
(7, 1, 0, '', '', 1, 1.00, 0.00, 223.21, 0, 0),
(8, 1, 0, '', '', 1, 1.00, 0.00, 223.21, 0, 0),
(9, 1, 0, '', '', 1, 1.00, 0.00, 223.21, 0, 0),
(10, 1, 0, '', '', 1, 1.00, 0.00, 223.21, 0, 0),
(11, 1, 0, '', '', 1, 1.00, 0.00, 223.21, 0, 0),
(12, 1, 0, '', '', 1, 1.00, 0.00, 223.21, 0, 0),
(13, 1, 0, '', '', 1, 1.00, 0.00, 223.21, 0, 0),
(14, 1, 0, '', '', 1, 1.00, 0.00, 223.21, 0, 0),
(15, 1, 0, '', '', 1, 1.00, 0.00, 223.21, 0, 0),
(16, 1, 0, '', '', 1, 1.00, 0.00, 223.21, 0, 0),
(17, 1, 0, '', '', 1, 1.00, 0.00, 223.21, 0, 0),
(18, 1, 0, '', '', 1, 1.00, 0.00, 223.21, 0, 0),
(19, 1, 0, '', '', 1, 1.00, 0.00, 223.21, 0, 0),
(20, 1, 0, '', '', 1, 1.00, 0.00, 223.21, 0, 0),
(21, 1, 0, '', '', 1, 1.00, 0.00, 223.21, 0, 0),
(22, 1, 0, '', '', 1, 1.00, 0.00, 223.21, 0, 0),
(23, 1, 0, '', '', 1, 1.00, 0.00, 223.21, 0, 0),
(24, 1, 0, '', '', 1, 1.00, 0.00, 223.21, 0, 0),
(25, 1, 0, '', '', 1, 1.00, 0.00, 223.21, 0, 0),
(26, 1, 0, '', '', 1, 1.00, 0.00, 223.21, 0, 0),
(27, 1, 0, '', '', 1, 1.00, 0.00, 223.21, 0, 0),
(28, 1, 0, '', '', 1, 1.00, 0.00, 223.21, 0, 0),
(29, 1, 0, '', '', 1, 1.00, 0.00, 223.21, 0, 0),
(30, 1, 0, '', '', 1, 1.00, 0.00, 223.21, 0, 0),
(31, 1, 0, '', '', 1, 1.00, 0.00, 223.21, 0, 0),
(32, 1, 0, '', '', 1, 1.00, 0.00, 223.21, 0, 0),
(33, 1, 0, '', '', 1, 1.00, 0.00, 223.21, 0, 0),
(35, 1, 0, '', '', 1, 1.00, 0.00, 223.21, 0, 0),
(36, 1, 0, '', '', 1, 1.00, 0.00, 223.21, 0, 0),
(37, 1, 0, '', '', 1, 1.00, 0.00, 223.21, 0, 0),
(38, 1, 0, '', '', 1, 1.00, 0.00, 223.21, 0, 0),
(39, 1, 0, '', '', 1, 1.00, 0.00, 223.21, 0, 0),
(40, 1, 0, '', '', 1, 1.00, 0.00, 223.21, 0, 0),
(41, 1, 0, '', '', 1, 1.00, 0.00, 223.21, 0, 0),
(42, 1, 0, '', '', 1, 1.00, 0.00, 223.21, 0, 0),
(43, 1, 0, '', '', 1, 1.00, 0.00, 223.21, 0, 0),
(44, 1, 0, '', '', 1, 1.00, 0.00, 223.21, 0, 0),
(45, 1, 0, '', '', 1, 1.00, 0.00, 223.21, 0, 0),
(46, 1, 0, '', '', 1, 1.00, 0.00, 223.21, 0, 0),
(48, 1, 0, '', '', 1, 1.00, 0.00, 223.21, 0, 0),
(49, 1, 0, '', '', 1, 1.00, 0.00, 223.21, 0, 0),
(50, 1, 0, '', '', 1, 1.00, 0.00, 223.21, 0, 0),
(51, 1, 0, '', '', 1, 1.00, 0.00, 223.21, 0, 0),
(52, 1, 0, '', '', 1, 1.00, 0.00, 223.21, 0, 0),
(53, 1, 0, '', '', 1, 1.00, 0.00, 223.21, 0, 0),
(54, 1, 0, '', '', 1, 1.00, 0.00, 223.21, 0, 0),
(55, 1, 0, '', '', 1, 1.00, 0.00, 223.21, 0, 0),
(56, 1, 0, '', '', 1, 1.00, 0.00, 223.21, 0, 0),
(57, 1, 0, '', '', 1, 1.00, 0.00, 223.21, 0, 0),
(58, 1, 0, '', '', 1, 1.00, 0.00, 223.21, 0, 0),
(59, 1, 0, '', '', 1, 1.00, 0.00, 223.21, 0, 0),
(60, 1, 0, '', '', 1, 1.00, 0.00, 223.21, 0, 0),
(61, 1, 0, '', '', 1, 1.00, 0.00, 223.21, 0, 0),
(62, 1, 0, '', '', 1, 1.00, 0.00, 223.21, 0, 0),
(63, 1, 0, '', '', 1, 1.00, 0.00, 223.21, 0, 0),
(64, 1, 0, '', '', 1, 1.00, 0.00, 223.21, 0, 0),
(65, 1, 0, '', '', 1, 1.00, 0.00, 223.21, 0, 0),
(66, 1, 0, '', '', 1, 1.00, 0.00, 223.21, 0, 0),
(67, 1, 0, '', '', 1, 1.00, 0.00, 223.21, 0, 0),
(68, 1, 0, '', '', 1, 1.00, 0.00, 223.21, 0, 0),
(69, 1, 0, '', '', 1, 1.00, 0.00, 223.21, 0, 0),
(70, 1, 0, '', '', 1, 1.00, 0.00, 223.21, 0, 0),
(71, 1, 0, '', '', 1, 1.00, 0.00, 223.21, 0, 0),
(72, 1, 0, '', '', 1, 1.00, 0.00, 223.21, 0, 0),
(73, 1, 0, '', '', 1, 1.00, 0.00, 223.21, 0, 0),
(74, 1, 0, '', '', 1, 1.00, 0.00, 223.21, 0, 0),
(75, 1, 0, '', '', 1, 1.00, 0.00, 223.21, 0, 0),
(76, 1, 0, '', '', 1, 1.00, 0.00, 223.21, 0, 0),
(77, 1, 0, '', '', 1, 1.00, 0.00, 223.21, 0, 0),
(78, 1, 0, '', '', 1, 1.00, 0.00, 223.21, 0, 0),
(79, 1, 0, '', '', 1, 3.00, 0.00, 223.21, 0, 0),
(80, 1, 0, '', '', 1, 1.00, 0.00, 223.21, 0, 0),
(81, 1, 0, '', '', 1, 1.00, 0.00, 223.21, 0, 0),
(82, 1, 0, '', '', 1, 1.00, 0.00, 223.21, 0, 0),
(83, 1, 0, '', '', 1, 1.00, 0.00, 223.21, 0, 0),
(86, 1, 0, '', '', 1, 1.00, 0.00, 223.21, 0, 0),
(87, 1, 0, '', '', 1, 1.00, 0.00, 223.21, 0, 0),
(88, 1, 0, '', '', 1, 1.00, 0.00, 223.21, 0, 0),
(89, 1, 0, '', '', 1, 1.00, 0.00, 223.21, 0, 0),
(90, 1, 0, '', '', 1, 1.00, 0.00, 223.21, 0, 0),
(91, 1, 0, '', '', 1, 1.00, 0.00, 223.21, 0, 0),
(96, 1, 0, '', '', 1, 1.00, 0.00, 223.21, 0, 0),
(97, 1, 0, '', '', 1, 1.00, 0.00, 223.21, 0, 0),
(98, 1, 0, '', '', 1, 1.00, 0.00, 223.21, 0, 0),
(99, 1, 0, '', '', 1, 1.00, 0.00, 223.21, 0, 0),
(100, 1, 0, '', '', 1, 1.00, 0.00, 223.21, 0, 0),
(101, 1, 0, '', '', 1, 1.00, 0.00, 223.21, 0, 0),
(102, 1, 0, '', '', 1, 1.00, 0.00, 223.21, 0, 0),
(103, 1, 0, '', '', 1, 1.00, 0.00, 223.21, 0, 0),
(104, 1, 0, '', '', 1, 1.00, 0.00, 223.21, 0, 0),
(105, 1, 0, '', '', 1, 1.00, 0.00, 223.21, 0, 0),
(106, 1, 0, '', '', 1, 1.00, 0.00, 223.21, 0, 0),
(107, 1, 0, '', '', 1, 1.00, 0.00, 223.21, 0, 0),
(108, 1, 0, '', '', 1, 1.00, 0.00, 223.21, 0, 0),
(109, 1, 0, '', '', 1, 1.00, 0.00, 223.21, 0, 0),
(110, 1, 0, '', '', 1, 1.00, 0.00, 223.21, 0, 0),
(111, 1, 0, '', '', 1, 1.00, 0.00, 223.21, 0, 0),
(112, 1, 0, '', '', 1, 1.00, 0.00, 223.21, 0, 0),
(113, 1, 0, '', '', 1, 1.00, 0.00, 223.21, 0, 0),
(114, 1, 0, '', '', 1, 1.00, 0.00, 223.21, 0, 0),
(115, 1, 0, '', '', 1, 1.00, 0.00, 223.21, 0, 0),
(116, 1, 0, '', '', 1, 1.00, 0.00, 223.21, 0, 0),
(117, 1, 0, '', '', 1, 1.00, 0.00, 223.21, 0, 0),
(118, 1, 0, '', '', 1, 1.00, 0.00, 223.21, 0, 0),
(119, 1, 0, '', '', 1, 1.00, 0.00, 223.21, 0, 0),
(120, 1, 0, '', '', 1, 1.00, 0.00, 223.21, 0, 0),
(121, 2, 0, '', '', 1, 1.00, 0.00, 223.21, 0, 0),
(122, 1, 0, '', '', 1, 1.00, 0.00, 223.21, 0, 0),
(123, 1, 0, '', '', 1, 1.00, 0.00, 223.21, 0, 0),
(124, 1, 0, '', '', 1, 1.00, 0.00, 223.21, 0, 0),
(125, 1, 0, '', '', 1, 1.00, 0.00, 223.21, 0, 0),
(126, 1, 0, '', '', 1, 1.00, 0.00, 223.21, 0, 0),
(127, 1, 0, '', '', 1, 1.00, 0.00, 223.21, 0, 0),
(128, 1, 0, '', '', 1, 1.00, 0.00, 223.21, 0, 0),
(129, 1, 0, '', '', 1, 1.00, 0.00, 223.21, 0, 0),
(130, 1, 0, '', '', 1, 1.00, 0.00, 223.21, 0, 0),
(131, 1, 0, '', '', 1, 1.00, 0.00, 223.21, 0, 0),
(132, 1, 0, '', '', 1, 1.00, 0.00, 223.21, 0, 0),
(133, 2, 0, '', '', 1, 1.00, 0.00, 223.21, 0, 0),
(134, 1, 0, '', '', 1, 1.00, 0.00, 223.21, 0, 0),
(135, 1, 0, '', '', 1, 1.00, 0.00, 223.21, 0, 0),
(136, 1, 0, '', '', 1, 1.00, 0.00, 223.21, 0, 0),
(137, 1, 0, '', '', 1, 1.00, 0.00, 223.21, 0, 0),
(138, 1, 0, '', '', 1, 1.00, 0.00, 223.21, 0, 0),
(139, 1, 0, '', '', 1, 1.00, 0.00, 223.21, 0, 0),
(140, 1, 0, '', '', 1, 1.00, 0.00, 223.21, 0, 0),
(141, 1, 0, '', '', 1, 1.00, 0.00, 223.21, 0, 0),
(142, 1, 0, '', '', 1, 1.00, 0.00, 223.21, 0, 0),
(143, 1, 0, '', '', 1, 1.00, 0.00, 223.21, 0, 0),
(144, 1, 0, '', '', 1, 1.00, 0.00, 223.21, 0, 0),
(145, 1, 0, '', '', 1, 1.00, 0.00, 223.21, 0, 0),
(146, 1, 0, '', '', 1, 1.00, 0.00, 223.21, 0, 0),
(147, 1, 0, '', '', 1, 1.00, 0.00, 223.21, 0, 0),
(148, 1, 0, '', '', 1, 1.00, 0.00, 223.21, 0, 0),
(149, 1, 0, '', '', 1, 1.00, 0.00, 223.21, 0, 0),
(150, 1, 0, '', '', 1, 1.00, 0.00, 223.21, 0, 0),
(151, 1, 0, '', '', 1, 1.00, 0.00, 223.21, 0, 0),
(152, 1, 0, '', '', 1, 1.00, 0.00, 223.21, 0, 0),
(153, 1, 0, '', '', 1, 1.00, 0.00, 223.21, 0, 0),
(154, 1, 0, '', '', 1, 1.00, 0.00, 223.21, 0, 0),
(155, 1, 0, '', '', 1, 1.00, 0.00, 223.21, 0, 0),
(156, 1, 0, '', '', 1, 1.00, 0.00, 223.21, 0, 0),
(157, 1, 0, '', '', 1, 1.00, 0.00, 223.21, 0, 0),
(158, 2, 0, '', '', 1, 1.00, 0.00, 223.21, 0, 0),
(159, 2, 0, '', '', 1, 1.00, 0.00, 223.21, 0, 0),
(160, 1, 0, '', '', 1, 1.00, 0.00, 223.21, 0, 0),
(161, 1, 0, '', '', 1, 1.00, 0.00, 223.21, 0, 0),
(163, 1, 0, '', '', 1, 1.00, 0.00, 223.21, 0, 0),
(164, 1, 0, '', '', 1, 1.00, 0.00, 223.21, 0, 0),
(165, 1, 0, '', '', 1, 1.00, 0.00, 223.21, 0, 0),
(166, 1, 0, '', '', 1, 1.00, 0.00, 223.21, 0, 0),
(171, 1, 0, '', '', 1, 1.00, 0.00, 223.21, 0, 0),
(172, 1, 0, '', '', 1, 1.00, 0.00, 223.21, 0, 0),
(173, 1, 0, '', '', 1, 1.00, 0.00, 223.21, 0, 0),
(174, 1, 0, '', '', 1, 1.00, 0.00, 223.21, 0, 0),
(175, 1, 0, '', '', 1, 1.00, 0.00, 223.21, 0, 0),
(176, 1, 0, '', '', 1, 1.00, 0.00, 223.21, 0, 0),
(177, 1, 0, '', '', 1, 1.00, 0.00, 223.21, 0, 0),
(178, 1, 0, '', '', 1, 1.00, 0.00, 223.21, 0, 0),
(179, 1, 0, '', '', 1, 1.00, 0.00, 223.21, 0, 0),
(180, 1, 0, '', '', 1, 1.00, 0.00, 223.21, 0, 0),
(181, 1, 0, '', '', 1, 1.00, 0.00, 223.21, 0, 0),
(182, 1, 0, '', '', 1, 1.00, 0.00, 223.21, 0, 0),
(183, 1, 0, '', '', 1, 1.00, 0.00, 223.21, 0, 0),
(184, 1, 0, '', '', 1, 1.00, 0.00, 223.21, 0, 0),
(185, 1, 0, '', '', 1, 1.00, 0.00, 223.21, 0, 0),
(186, 1, 0, '', '', 1, 1.00, 0.00, 223.21, 0, 0),
(187, 1, 0, '', '', 1, 1.00, 0.00, 223.21, 0, 0),
(188, 1, 0, '', '', 1, 1.00, 0.00, 223.21, 0, 0),
(189, 1, 0, '', '', 1, 1.00, 0.00, 223.21, 0, 0),
(190, 1, 0, '', '', 1, 1.00, 0.00, 223.21, 0, 0),
(191, 1, 0, '', '', 1, 1.00, 0.00, 223.21, 0, 0),
(192, 1, 0, '', '', 1, 1.00, 0.00, 223.21, 0, 0),
(193, 1, 0, '', '', 1, 2.00, 0.00, 223.21, 0, 0),
(194, 1, 0, '', '', 1, 1.00, 0.00, 223.21, 0, 0),
(195, 1, 0, '', '', 1, 1.00, 0.00, 223.21, 0, 0),
(196, 1, 0, '', '', 1, 1.00, 0.00, 223.21, 0, 0),
(197, 1, 0, '', '', 1, 1.00, 0.00, 223.21, 0, 0),
(198, 1, 0, '', '', 1, 1.00, 0.00, 223.21, 0, 0),
(199, 1, 0, '', '', 1, 1.00, 0.00, 223.21, 0, 0),
(200, 1, 0, '', '', 1, 1.00, 0.00, 223.21, 0, 0),
(201, 1, 0, '', '', 1, 1.00, 0.00, 223.21, 0, 0),
(202, 1, 0, '', '', 1, 1.00, 0.00, 223.21, 0, 0),
(203, 1, 0, '', '', 1, 1.00, 0.00, 223.21, 0, 0),
(204, 1, 0, '', '', 1, 1.00, 0.00, 223.21, 0, 0),
(205, 1, 0, '', '', 1, 1.00, 0.00, 223.21, 0, 0),
(206, 1, 0, '', '', 1, 1.00, 0.00, 223.21, 0, 0),
(207, 1, 0, '', '', 1, 1.00, 0.00, 223.21, 0, 0),
(208, 1, 0, '', '', 1, 1.00, 0.00, 223.21, 0, 0),
(209, 1, 0, '', '', 1, 1.00, 0.00, 223.21, 0, 0),
(210, 1, 0, '', '', 1, 1.00, 0.00, 223.21, 0, 0),
(211, 1, 0, '', '', 1, 1.00, 0.00, 223.21, 0, 0),
(212, 1, 0, '', '', 1, 1.00, 0.00, 223.21, 0, 0),
(213, 1, 0, '', '', 1, 1.00, 0.00, 223.21, 0, 0),
(214, 1, 0, '', '', 1, 1.00, 0.00, 223.21, 0, 0),
(215, 1, 0, '', '', 1, 1.00, 0.00, 223.21, 0, 0),
(216, 1, 0, '', '', 1, 1.00, 0.00, 223.21, 0, 0),
(217, 1, 0, '', '', 1, 1.00, 0.00, 223.21, 0, 0),
(218, 1, 0, '', '', 1, 1.00, 0.00, 223.21, 0, 0),
(219, 1, 0, '', '', 1, 1.00, 0.00, 223.21, 0, 0),
(220, 1, 0, '', '', 1, 1.00, 0.00, 223.21, 0, 0),
(221, 1, 0, '', '', 1, 1.00, 0.00, 223.21, 0, 0),
(222, 1, 0, '', '', 1, 1.00, 0.00, 223.21, 0, 0),
(223, 1, 0, '', '', 1, 1.00, 0.00, 223.21, 0, 0),
(224, 1, 0, '', '', 1, 1.00, 0.00, 223.21, 0, 0),
(225, 1, 0, '', '', 1, 1.00, 0.00, 223.21, 0, 0),
(226, 1, 0, '', '', 1, 1.00, 0.00, 223.21, 0, 0),
(227, 1, 0, '', '', 1, 1.00, 0.00, 223.21, 0, 0),
(228, 1, 0, '', '', 1, 1.00, 0.00, 223.21, 0, 0),
(229, 1, 0, '', '', 1, 1.00, 0.00, 223.21, 0, 0),
(230, 1, 0, '', '', 1, 1.00, 0.00, 223.21, 0, 0),
(231, 1, 0, '', '', 1, 1.00, 0.00, 223.21, 0, 0),
(232, 1, 0, '', '', 1, 1.00, 0.00, 223.21, 0, 0),
(233, 1, 0, '', '', 1, 1.00, 0.00, 223.21, 0, 0),
(234, 1, 0, '', '', 1, 1.00, 0.00, 223.21, 0, 0),
(235, 1, 0, '', '', 1, 1.00, 0.00, 223.21, 0, 0),
(236, 1, 0, '', '', 1, 1.00, 0.00, 223.21, 0, 0),
(237, 1, 0, '', '', 1, 1.00, 0.00, 223.21, 0, 0),
(238, 1, 0, '', '', 1, 1.00, 0.00, 223.21, 0, 0),
(239, 1, 0, '', '', 1, 1.00, 0.00, 223.21, 0, 0),
(240, 1, 0, '', '', 1, 1.00, 0.00, 223.21, 0, 0),
(241, 1, 0, '', '', 1, 1.00, 0.00, 223.21, 0, 0),
(242, 1, 0, '', '', 1, 1.00, 0.00, 223.21, 0, 0),
(243, 1, 0, '', '', 1, 1.00, 0.00, 223.21, 0, 0),
(244, 1, 0, '', '', 1, 1.00, 0.00, 223.21, 0, 0),
(245, 1, 0, '', '', 1, 1.00, 0.00, 223.21, 0, 0),
(246, 1, 0, '', '', 1, 1.00, 0.00, 223.21, 0, 0),
(247, 2, 0, '', '', 1, 1.00, 0.00, 223.21, 20, 0),
(248, 2, 0, '', '', 1, 1.00, 0.00, 223.21, 20, 0),
(249, 1, 0, '', '', 1, 1.00, 0.00, 223.21, 0, 0),
(250, 1, 0, '', '', 1, 1.00, 0.00, 223.21, 0, 0),
(251, 2, 0, '', '', 1, 1.00, 0.00, 223.21, 0, 0),
(252, 1, 0, '', '', 1, 1.00, 0.00, 223.21, 0, 0),
(253, 1, 0, '', '', 1, 1.00, 0.00, 223.21, 0, 0),
(254, 1, 0, '', '', 1, 1.00, 0.00, 223.21, 0, 0),
(255, 1, 0, '', '', 1, 1.00, 0.00, 223.21, 0, 0),
(256, 1, 0, '', '', 1, 1.00, 0.00, 223.21, 0, 0),
(257, 1, 0, '', '', 1, 1.00, 0.00, 223.21, 0, 0),
(258, 1, 0, '', '', 1, 1.00, 0.00, 223.21, 0, 0),
(259, 1, 0, '', '', 1, 1.00, 0.00, 223.21, 0, 0),
(260, 1, 0, '', '', 1, 1.00, 0.00, 223.21, 0, 0),
(261, 1, 0, '', '', 1, 1.00, 0.00, 223.21, 0, 0),
(262, 1, 0, '', '', 1, 1.00, 0.00, 223.21, 0, 0),
(263, 1, 0, '', '', 1, 1.00, 0.00, 223.21, 0, 0),
(264, 1, 0, '', '', 1, 1.00, 0.00, 223.21, 0, 0),
(265, 1, 0, '', '', 1, 1.00, 0.00, 223.21, 0, 0),
(266, 1, 0, '', '', 1, 1.00, 0.00, 223.21, 0, 0),
(267, 1, 0, '', '', 1, 1.00, 0.00, 223.21, 0, 0),
(268, 1, 0, '', '', 1, 1.00, 0.00, 223.21, 0, 0),
(269, 1, 0, '', '', 1, 1.00, 0.00, 223.21, 0, 0),
(270, 1, 0, '', '', 1, 1.00, 0.00, 223.21, 0, 0),
(271, 1, 0, '', '', 1, 1.00, 0.00, 223.21, 0, 0),
(272, 1, 0, '', '', 1, 1.00, 0.00, 223.21, 0, 0),
(273, 1, 0, '', '', 1, 1.00, 0.00, 223.21, 0, 0),
(274, 1, 0, '', '', 1, 1.00, 0.00, 223.21, 0, 0),
(275, 1, 0, '', '', 1, 1.00, 0.00, 223.21, 0, 0),
(276, 1, 0, '', '', 1, 1.00, 0.00, 223.21, 0, 0),
(277, 1, 0, '', '', 1, 1.00, 0.00, 223.21, 0, 0),
(278, 1, 0, '', '', 1, 1.00, 0.00, 223.21, 0, 0),
(279, 1, 0, '', '', 1, 1.00, 0.00, 223.21, 0, 0),
(280, 1, 0, '', '', 1, 1.00, 0.00, 223.21, 0, 0),
(281, 1, 0, '', '', 1, 1.00, 0.00, 223.21, 0, 0),
(282, 1, 0, '', '', 1, 1.00, 0.00, 223.21, 0, 0),
(283, 1, 0, '', '', 1, 1.00, 0.00, 223.21, 0, 0),
(284, 1, 0, '', '', 1, 1.00, 0.00, 223.21, 0, 0),
(285, 1, 0, '', '', 1, 1.00, 0.00, 223.21, 0, 0),
(286, 1, 0, '', '', 1, 1.00, 0.00, 223.21, 0, 0),
(287, 1, 0, '', '', 1, 1.00, 0.00, 223.21, 0, 0),
(288, 2, 0, '', '', 1, 1.00, 0.00, 223.21, 20, 0),
(289, 1, 0, '', '', 1, 1.00, 0.00, 223.21, 0, 0),
(290, 2, 0, '', '', 1, 1.00, 0.00, 223.21, 20, 0),
(291, 1, 0, '', '', 1, 1.00, 0.00, 223.21, 0, 0),
(292, 2, 0, '', '', 1, 1.00, 0.00, 223.21, 20, 0),
(293, 1, 0, '', '', 1, 1.00, 0.00, 223.21, 0, 0),
(294, 2, 0, '', '', 1, 1.00, 0.00, 223.21, 20, 0),
(295, 1, 0, '', '', 1, 1.00, 0.00, 223.21, 0, 0),
(296, 1, 0, '', '', 1, 1.00, 0.00, 223.21, 0, 0),
(297, 1, 0, '', '', 1, 1.00, 0.00, 223.21, 0, 0),
(298, 1, 0, '', '', 1, 1.00, 0.00, 223.21, 0, 0),
(299, 1, 0, '', '', 1, 2.00, 0.00, 223.21, 0, 0),
(300, 2, 0, '', '', 1, 1.00, 0.00, 223.21, 20, 0),
(301, 1, 0, '', '', 1, 1.00, 0.00, 223.21, 0, 0),
(302, 1, 0, '', '', 1, 1.00, 0.00, 223.21, 0, 0),
(303, 1, 0, '', '', 1, 1.00, 0.00, 223.21, 0, 0),
(304, 1, 0, '', '', 1, 1.00, 0.00, 223.21, 0, 0),
(305, 1, 0, '', '', 1, 1.00, 0.00, 223.21, 0, 0),
(306, 1, 0, '', '', 1, 1.00, 0.00, 223.21, 0, 0),
(307, 1, 0, '', '', 1, 1.00, 0.00, 223.21, 0, 0),
(308, 1, 0, '', '', 1, 1.00, 0.00, 223.21, 0, 0),
(309, 1, 0, '', '', 1, 1.00, 0.00, 223.21, 0, 0),
(310, 1, 0, '', '', 1, 1.00, 0.00, 223.21, 0, 0),
(311, 1, 0, '', '', 1, 1.00, 0.00, 223.21, 0, 0),
(312, 1, 0, '', '', 1, 1.00, 0.00, 223.21, 0, 0),
(313, 2, 0, '', '', 1, 1.00, 0.00, 223.21, 20, 0),
(314, 2, 0, '', '', 1, 1.00, 0.00, 223.21, 20, 0),
(315, 1, 0, '', '', 1, 1.00, 0.00, 223.21, 0, 0),
(316, 1, 0, '', '', 1, 1.00, 0.00, 223.21, 0, 0),
(317, 2, 0, '', '', 1, 1.00, 0.00, 223.21, 20, 0),
(318, 2, 0, '', '', 1, 1.00, 0.00, 223.21, 20, 0),
(319, 1, 0, '', '', 1, 1.00, 0.00, 223.21, 0, 0),
(320, 2, 0, '', '', 1, 1.00, 0.00, 223.21, 20, 0),
(331, 1, 0, '', '', 1, 1.00, 0.00, 223.21, 0, 0),
(332, 2, 0, '', '', 1, 1.00, 0.00, 223.21, 20, 0),
(333, 1, 0, '', '', 1, 1.00, 0.00, 223.21, 0, 0),
(334, 2, 0, '', '', 1, 1.00, 0.00, 223.21, 20, 0),
(337, 1, 0, '', '', 1, 1.00, 0.00, 223.21, 0, 0),
(338, 1, 0, '', '', 1, 1.00, 0.00, 223.21, 0, 0),
(339, 1, 0, '', '', 1, 1.00, 0.00, 223.21, 0, 0),
(341, 2, 0, '', '', 1, 1.00, 0.00, 223.21, 20, 0),
(342, 1, 0, '', '', 1, 1.00, 0.00, 223.21, 0, 0),
(343, 1, 0, '', '', 1, 1.00, 0.00, 223.21, 0, 0),
(344, 2, 0, '', '', 1, 1.00, 0.00, 223.21, 20, 0),
(345, 2, 0, '', '', 1, 1.00, 0.00, 223.21, 20, 0),
(346, 1, 0, '', '', 1, 1.00, 0.00, 223.21, 0, 0),
(347, 2, 0, '', '', 1, 1.00, 0.00, 223.21, 20, 0),
(348, 1, 0, '', '', 1, 1.00, 0.00, 223.21, 0, 0),
(349, 1, 0, '', '', 1, 1.00, 0.00, 223.21, 0, 0),
(350, 2, 0, '', '', 1, 1.00, 0.00, 223.21, 20, 0),
(351, 2, 0, '', '', 1, 1.00, 0.00, 223.21, 20, 0),
(352, 1, 0, '', '', 1, 1.00, 0.00, 223.21, 0, 0),
(353, 2, 0, '', '', 1, 1.00, 0.00, 223.21, 20, 0),
(354, 1, 0, '', '', 1, 1.00, 0.00, 223.21, 0, 0),
(355, 2, 0, '', '', 1, 1.00, 0.00, 223.21, 20, 0),
(356, 1, 0, '', '', 1, 1.00, 0.00, 223.21, 0, 0),
(357, 1, 0, '', '', 1, 1.00, 0.00, 223.21, 0, 0),
(358, 2, 0, '', '', 1, 1.00, 0.00, 223.21, 20, 0),
(359, 1, 0, '', '', 1, 1.00, 0.00, 223.21, 0, 0),
(360, 2, 0, '', '', 1, 1.00, 0.00, 223.21, 20, 0),
(361, 1, 0, '', '', 1, 1.00, 0.00, 223.21, 0, 0),
(362, 1, 0, '', '', 1, 1.00, 0.00, 223.21, 0, 0),
(363, 1, 0, '', '', 1, 1.00, 0.00, 223.21, 0, 0),
(364, 1, 0, '', '', 1, 1.00, 0.00, 223.21, 0, 0),
(365, 1, 0, '', '', 1, 1.00, 0.00, 223.21, 0, 0),
(366, 1, 0, '', '', 1, 1.00, 0.00, 223.21, 0, 0),
(367, 2, 0, '', '', 1, 1.00, 0.00, 223.21, 20, 0),
(368, 1, 0, '', '', 1, 1.00, 0.00, 223.21, 0, 0),
(369, 1, 0, '', '', 1, 1.00, 0.00, 223.21, 0, 0),
(370, 2, 0, '', '', 1, 1.00, 0.00, 223.21, 20, 0),
(371, 1, 0, '', '', 1, 1.00, 0.00, 223.21, 20, 0),
(372, 1, 0, '', '', 1, 1.00, 0.00, 223.21, 0, 0),
(372, 2, 0, '', '', 2, 1.00, 0.00, 223.21, 20, 0),
(373, 1, 0, '', '', 1, 1.00, 0.00, 223.21, 0, 0),
(373, 2, 0, '', '', 2, 1.00, 0.00, 223.21, 20, 0),
(374, 1, 0, '', '', 1, 2.00, 0.00, 223.21, 0, 0),
(374, 2, 0, '', '', 2, 1.00, 0.00, 223.21, 20, 0),
(375, 2, 0, '', '', 1, 1.00, 0.00, 223.21, 20, 0),
(376, 2, 0, '', '', 1, 1.00, 0.00, 223.21, 20, 0),
(377, 1, 0, '', '', 1, 1.00, 0.00, 223.21, 0, 0),
(378, 1, 0, '', '', 1, 1.00, 0.00, 223.21, 0, 0),
(379, 1, 0, '', '', 1, 1.00, 0.00, 223.21, 0, 0),
(380, 1, 0, '', '', 1, 1.00, 0.00, 223.21, 0, 0),
(381, 2, 0, '', '', 1, 1.00, 0.00, 223.21, 20, 0),
(382, 2, 0, '', '', 1, 1.00, 0.00, 223.21, 20, 0),
(383, 2, 0, '', '', 1, 1.00, 0.00, 223.21, 20, 0),
(384, 2, 0, '', '', 1, 1.00, 0.00, 223.21, 20, 0),
(385, 2, 0, '', '', 1, 1.00, 0.00, 223.21, 20, 0),
(386, 2, 0, '', '', 1, 1.00, 0.00, 223.21, 20, 0),
(387, 2, 0, '', '', 1, 1.00, 0.00, 223.21, 20, 0),
(388, 2, 0, '', '', 1, 1.00, 0.00, 223.21, 20, 0),
(389, 2, 0, '', '', 1, 1.00, 0.00, 223.21, 20, 0),
(390, 2, 0, '', '', 1, 1.00, 0.00, 223.21, 20, 0),
(391, 2, 0, '', '', 1, 1.00, 0.00, 223.21, 20, 0),
(392, 2, 0, '', '', 1, 1.00, 0.00, 223.21, 0, 0),
(393, 2, 0, '', '', 1, 1.00, 0.00, 223.21, 0, 0),
(394, 2, 0, '', '', 1, 1.00, 0.00, 223.21, 0, 0),
(395, 2, 0, '', '', 1, 1.00, 0.00, 223.21, 0, 0),
(396, 2, 0, '', '', 1, 1.00, 0.00, 223.21, 20, 0),
(397, 2, 0, '', '', 1, 1.00, 0.00, 223.21, 20, 0),
(398, 2, 0, '', '', 1, 1.00, 0.00, 223.21, 20, 0),
(399, 2, 0, '', '', 1, 1.00, 0.00, 223.21, 20, 0),
(400, 2, 0, '', '', 1, 1.00, 0.00, 223.21, 20, 0),
(401, 2, 0, '', '', 1, 1.00, 0.00, 223.21, 20, 0),
(402, 2, 0, '', '', 1, 1.00, 0.00, 223.21, 20, 0),
(403, 2, 0, '', '', 1, 1.00, 0.00, 223.21, 20, 0),
(404, 2, 0, '', '', 1, 1.00, 0.00, 223.21, 20, 0),
(405, 2, 0, '', '', 1, 1.00, 0.00, 223.21, 20, 0),
(406, 2, 0, '', '', 1, 1.00, 0.00, 223.21, 20, 0),
(407, 2, 0, '', '', 1, 1.00, 0.00, 223.21, 20, 0),
(408, 2, 0, '', '', 1, 1.00, 0.00, 223.21, 20, 0),
(409, 2, 0, '', '', 1, 1.00, 0.00, 223.21, 20, 0),
(410, 2, 0, '', '', 1, 1.00, 0.00, 223.21, 20, 0),
(411, 2, 0, '', '', 1, 1.00, 0.00, 223.21, 20, 0),
(412, 2, 0, '', '', 1, 1.00, 0.00, 223.21, 179, 0),
(413, 2, 0, '', '', 1, 1.00, 0.00, 223.21, 20, 0),
(414, 2, 0, '', '', 1, 1.00, 0.00, 223.21, 20, 0),
(415, 2, 0, '', '', 1, 1.00, 0.00, 223.21, 20, 0),
(416, 2, 0, '', '', 1, 1.00, 0.00, 223.21, 20, 0),
(417, 2, 0, '', '', 1, 1.00, 0.00, 223.21, 20, 0),
(418, 2, 0, '', '', 1, 1.00, 0.00, 223.21, 20, 0),
(419, 2, 0, '', '', 1, 1.00, 0.00, 223.21, 20, 0),
(420, 1, 0, '', '', 1, 1.00, 0.00, 223.21, 0, 0),
(420, 2, 0, '', '', 2, 1.00, 0.00, 223.21, 20, 0),
(421, 2, 0, '', '', 1, 1.00, 0.00, 223.21, 20, 0),
(422, 2, 0, '', '', 1, 1.00, 0.00, 223.21, 20, 0),
(423, 2, 0, '', '', 1, 1.00, 0.00, 223.21, 20, 0),
(424, 2, 0, '', '', 1, 1.00, 0.00, 223.21, 20, 0),
(425, 2, 0, '', '', 1, 1.00, 0.00, 223.21, 20, 0),
(426, 2, 0, '', '', 1, 1.00, 0.00, 223.21, 20, 0),
(427, 2, 0, '', '', 1, 1.00, 0.00, 223.21, 20, 0),
(428, 2, 0, '', '', 1, 1.00, 0.00, 223.21, 20, 0),
(429, 1, 0, '', '', 2, 1.00, 0.00, 223.21, 0, 0),
(429, 2, 0, '', '', 1, 2.00, 0.00, 223.21, 20, 0),
(430, 1, 0, '', '', 1, 1.00, 0.00, 223.21, 0, 0),
(431, 1, 0, '', '', 1, 1.00, 0.00, 223.21, 0, 0),
(432, 1, 0, '', '', 1, 1.00, 0.00, 223.21, 0, 0),
(433, 1, 0, '', '', 1, 1.00, 0.00, 223.21, 0, 0),
(434, 1, 0, '', '', 1, 1.00, 0.00, 223.21, 0, 0),
(435, 1, 0, '', '', 1, 1.00, 0.00, 223.21, 0, 0),
(436, 1, 0, '', '', 1, 1.00, 0.00, 223.21, 0, 0),
(437, 1, 0, '', '', 1, 1.00, 0.00, 223.21, 0, 0),
(438, 1, 0, '', '', 1, 1.00, 0.00, 223.21, 0, 0),
(439, 1, 0, '', '', 1, 1.00, 0.00, 223.21, 0, 0),
(440, 2, 0, '', '', 1, 1.00, 0.00, 223.21, 20, 0),
(441, 1, 0, '', '', 1, 1.00, 0.00, 223.21, 0, 0),
(441, 2, 0, '', '', 2, 1.00, 0.00, 223.21, 20, 0),
(442, 1, 0, '', '', 1, 1.00, 0.00, 223.21, 0, 0),
(442, 2, 0, '', '', 2, 1.00, 0.00, 223.21, 20, 0),
(443, 1, 0, '', '', 1, 1.00, 0.00, 223.21, 0, 0),
(443, 3, 0, '', '', 2, 1.00, 0.00, 114.04, 0, 0),
(444, 1, 0, '', '', 1, 1.00, 0.00, 223.21, 0, 0),
(444, 3, 0, '', '', 2, 1.00, 0.00, 114.04, 0, 0),
(445, 1, 0, '', '', 1, 1.00, 0.00, 223.21, 0, 0),
(445, 3, 0, '', '', 2, 1.00, 0.00, 114.04, 0, 0),
(446, 1, 0, '', '', 1, 1.00, 0.00, 223.21, 0, 0),
(446, 3, 0, '', '', 2, 1.00, 0.00, 114.04, 0, 0),
(447, 1, 0, '', '', 1, 1.00, 0.00, 223.21, 0, 0),
(447, 3, 0, '', '', 2, 1.00, 0.00, 114.04, 0, 0),
(448, 1, 0, '', '', 1, 1.00, 0.00, 223.21, 0, 0),
(448, 3, 0, '', '', 2, 1.00, 0.00, 114.04, 0, 0),
(449, 1, 0, '', '', 1, 1.00, 0.00, 223.21, 0, 0),
(449, 3, 0, '', '', 2, 1.00, 0.00, 114.04, 0, 0),
(450, 1, 0, '', '', 1, 1.00, 0.00, 223.21, 0, 0),
(450, 3, 0, '', '', 2, 1.00, 0.00, 114.04, 0, 0),
(451, 1, 0, '', '', 1, 1.00, 0.00, 223.21, 0, 0),
(451, 3, 0, '', '', 2, 1.00, 0.00, 114.04, 0, 0),
(452, 1, 0, '', '', 1, 1.00, 0.00, 223.21, 0, 0),
(452, 3, 0, '', '', 2, 1.00, 0.00, 114.04, 0, 0),
(453, 1, 0, '', '', 1, 1.00, 0.00, 223.21, 0, 0),
(454, 1, 0, '', '', 1, 1.00, 0.00, 250.00, 0, 0),
(455, 4, 0, '', '', 1, 1.00, 0.00, 100.00, 0, 0),
(456, 2, 0, '', '', 1, 1.00, 0.00, 250.00, 20, 0),
(457, 2, 0, '', '', 1, 1.00, 0.00, 250.00, 20, 0),
(458, 2, 0, '', '', 1, 1.00, 0.00, 250.00, 20, 0),
(459, 2, 0, '', '', 1, 2.00, 0.00, 250.00, 20, 0),
(460, 2, 0, '', '', 1, 1.00, 0.00, 250.00, 20, 0),
(461, 2, 0, '', '', 1, 1.00, 0.00, 250.00, 20, 0),
(462, 2, 0, '', '', 1, 1.00, 0.00, 250.00, 20, 0),
(463, 2, 0, '', '', 1, 1.00, 0.00, 250.00, 20, 0),
(464, 2, 0, '', '', 1, 1.00, 0.00, 250.00, 20, 0),
(465, 2, 0, '', '', 1, 1.00, 0.00, 250.00, 20, 0),
(466, 2, 0, '', '', 1, 1.00, 0.00, 250.00, 20, 0),
(467, 1, 0, '', '', 1, 1.00, 0.00, 250.00, 0, 0);

-- --------------------------------------------------------

--
-- Table structure for table `ospos_sales_items_taxes`
--

CREATE TABLE IF NOT EXISTS `ospos_sales_items_taxes` (
  `sale_id` int(10) NOT NULL,
  `item_id` int(10) NOT NULL,
  `or_id` int(10) NOT NULL,
  `line` int(3) NOT NULL DEFAULT '0',
  `name` varchar(255) NOT NULL,
  `percent` double(15,3) NOT NULL,
  PRIMARY KEY (`sale_id`,`item_id`,`line`,`name`,`percent`),
  KEY `item_id` (`item_id`)
) ENGINE=InnoDB DEFAULT CHARSET=utf8;

--
-- Dumping data for table `ospos_sales_items_taxes`
--

INSERT INTO `ospos_sales_items_taxes` (`sale_id`, `item_id`, `or_id`, `line`, `name`, `percent`) VALUES
(2, 1, 0, 1, 'Vat', 12.000),
(3, 1, 0, 1, 'Vat', 12.000),
(4, 1, 0, 1, 'Vat', 12.000),
(5, 1, 0, 1, 'Vat', 12.000),
(6, 1, 0, 1, 'Vat', 12.000),
(7, 1, 0, 1, 'Vat', 12.000),
(8, 1, 0, 1, 'Vat', 12.000),
(9, 1, 0, 1, 'Vat', 12.000),
(10, 1, 0, 1, 'Vat', 12.000),
(11, 1, 0, 1, 'Vat', 12.000),
(12, 1, 0, 1, 'Vat', 12.000),
(13, 1, 0, 1, 'Vat', 12.000),
(14, 1, 0, 1, 'Vat', 12.000),
(15, 1, 0, 1, 'Vat', 12.000),
(16, 1, 0, 1, 'Vat', 12.000),
(17, 1, 0, 1, 'Vat', 12.000),
(18, 1, 0, 1, 'Vat', 12.000),
(19, 1, 0, 1, 'Vat', 12.000),
(20, 1, 0, 1, 'Vat', 12.000),
(21, 1, 0, 1, 'Vat', 12.000),
(22, 1, 0, 1, 'Vat', 12.000),
(23, 1, 0, 1, 'Vat', 12.000),
(24, 1, 0, 1, 'Vat', 12.000),
(25, 1, 0, 1, 'Vat', 12.000),
(26, 1, 0, 1, 'Vat', 12.000),
(27, 1, 0, 1, 'Vat', 12.000),
(28, 1, 0, 1, 'Vat', 12.000),
(29, 1, 0, 1, 'Vat', 12.000),
(30, 1, 0, 1, 'Vat', 12.000),
(31, 1, 0, 1, 'Vat', 12.000),
(32, 1, 0, 1, 'Vat', 12.000),
(33, 1, 0, 1, 'Vat', 12.000),
(35, 1, 0, 1, 'Vat', 12.000),
(36, 1, 0, 1, 'Vat', 12.000),
(37, 1, 0, 1, 'Vat', 12.000),
(38, 1, 0, 1, 'Vat', 12.000),
(39, 1, 0, 1, 'Vat', 12.000),
(40, 1, 0, 1, 'Vat', 12.000),
(41, 1, 0, 1, 'Vat', 12.000),
(42, 1, 0, 1, 'Vat', 12.000),
(43, 1, 0, 1, 'Vat', 12.000),
(44, 1, 0, 1, 'Vat', 12.000),
(45, 1, 0, 1, 'Vat', 12.000),
(46, 1, 0, 1, 'Vat', 12.000),
(48, 1, 0, 1, 'Vat', 12.000),
(49, 1, 0, 1, 'Vat', 12.000),
(50, 1, 0, 1, 'Vat', 12.000),
(51, 1, 0, 1, 'Vat', 12.000),
(52, 1, 0, 1, 'Vat', 12.000),
(53, 1, 0, 1, 'Vat', 12.000),
(54, 1, 0, 1, 'Vat', 12.000),
(55, 1, 0, 1, 'Vat', 12.000),
(56, 1, 0, 1, 'Vat', 12.000),
(57, 1, 0, 1, 'Vat', 12.000),
(58, 1, 0, 1, 'Vat', 12.000),
(59, 1, 0, 1, 'Vat', 12.000),
(60, 1, 0, 1, 'Vat', 12.000),
(61, 1, 0, 1, 'Vat', 12.000),
(62, 1, 0, 1, 'Vat', 12.000),
(63, 1, 0, 1, 'Vat', 12.000),
(64, 1, 0, 1, 'Vat', 12.000),
(65, 1, 0, 1, 'Vat', 12.000),
(66, 1, 0, 1, 'Vat', 12.000),
(67, 1, 0, 1, 'Vat', 12.000),
(68, 1, 0, 1, 'Vat', 12.000),
(69, 1, 0, 1, 'Vat', 12.000),
(70, 1, 0, 1, 'Vat', 12.000),
(71, 1, 0, 1, 'Vat', 12.000),
(72, 1, 0, 1, 'Vat', 12.000),
(73, 1, 0, 1, 'Vat', 12.000),
(74, 1, 0, 1, 'Vat', 12.000),
(75, 1, 0, 1, 'Vat', 12.000),
(76, 1, 0, 1, 'Vat', 12.000),
(77, 1, 0, 1, 'Vat', 12.000),
(78, 1, 0, 1, 'Vat', 12.000),
(79, 1, 0, 1, 'Vat', 12.000),
(80, 1, 0, 1, 'Vat', 12.000),
(81, 1, 0, 1, 'Vat', 12.000),
(82, 1, 0, 1, 'Vat', 12.000),
(83, 1, 0, 1, 'Vat', 12.000),
(86, 1, 0, 1, 'Vat', 12.000),
(87, 1, 0, 1, 'Vat', 12.000),
(88, 1, 0, 1, 'Vat', 12.000),
(89, 1, 0, 1, 'Vat', 12.000),
(90, 1, 0, 1, 'Vat', 12.000),
(91, 1, 0, 1, 'Vat', 12.000),
(96, 1, 0, 1, 'Vat', 12.000),
(97, 1, 0, 1, 'Vat', 12.000),
(98, 1, 0, 1, 'Vat', 12.000),
(99, 1, 0, 1, 'Vat', 12.000),
(100, 1, 0, 1, 'Vat', 12.000),
(101, 1, 0, 1, 'Vat', 12.000),
(102, 1, 0, 1, 'Vat', 12.000),
(103, 1, 0, 1, 'Vat', 12.000),
(104, 1, 0, 1, 'Vat', 12.000),
(105, 1, 0, 1, 'Vat', 12.000),
(106, 1, 0, 1, 'Vat', 12.000),
(107, 1, 0, 1, 'Vat', 12.000),
(108, 1, 0, 1, 'Vat', 12.000),
(109, 1, 0, 1, 'Vat', 12.000),
(110, 1, 0, 1, 'Vat', 12.000),
(111, 1, 0, 1, 'Vat', 12.000),
(112, 1, 0, 1, 'Vat', 12.000),
(113, 1, 0, 1, 'Vat', 12.000),
(114, 1, 0, 1, 'Vat', 12.000),
(115, 1, 0, 1, 'Vat', 12.000),
(116, 1, 0, 1, 'Vat', 12.000),
(117, 1, 0, 1, 'Vat', 12.000),
(118, 1, 0, 1, 'Vat', 12.000),
(119, 1, 0, 1, 'Vat', 12.000),
(120, 1, 0, 1, 'Vat', 12.000),
(122, 1, 0, 1, 'Vat', 12.000),
(123, 1, 0, 1, 'Vat', 12.000),
(124, 1, 0, 1, 'Vat', 12.000),
(125, 1, 0, 1, 'Vat', 12.000),
(126, 1, 0, 1, 'Vat', 12.000),
(127, 1, 0, 1, 'Vat', 12.000),
(128, 1, 0, 1, 'Vat', 12.000),
(129, 1, 0, 1, 'Vat', 12.000),
(130, 1, 0, 1, 'Vat', 12.000),
(131, 1, 0, 1, 'Vat', 12.000),
(132, 1, 0, 1, 'Vat', 12.000),
(134, 1, 0, 1, 'Vat', 12.000),
(135, 1, 0, 1, 'Vat', 12.000),
(136, 1, 0, 1, 'Vat', 12.000),
(137, 1, 0, 1, 'Vat', 12.000),
(138, 1, 0, 1, 'Vat', 12.000),
(139, 1, 0, 1, 'Vat', 12.000),
(140, 1, 0, 1, 'Vat', 12.000),
(141, 1, 0, 1, 'Vat', 12.000),
(142, 1, 0, 1, 'Vat', 12.000),
(143, 1, 0, 1, 'Vat', 12.000),
(144, 1, 0, 1, 'Vat', 12.000),
(145, 1, 0, 1, 'Vat', 12.000),
(146, 1, 0, 1, 'Vat', 12.000),
(147, 1, 0, 1, 'Vat', 12.000),
(148, 1, 0, 1, 'Vat', 12.000),
(149, 1, 0, 1, 'Vat', 12.000),
(150, 1, 0, 1, 'Vat', 12.000),
(151, 1, 0, 1, 'Vat', 12.000),
(152, 1, 0, 1, 'Vat', 12.000),
(153, 1, 0, 1, 'Vat', 12.000),
(154, 1, 0, 1, 'Vat', 12.000),
(155, 1, 0, 1, 'Vat', 12.000),
(156, 1, 0, 1, 'Vat', 12.000),
(157, 1, 0, 1, 'Vat', 12.000),
(160, 1, 0, 1, 'Vat', 12.000),
(161, 1, 0, 1, 'Vat', 12.000),
(163, 1, 0, 1, 'Vat', 12.000),
(164, 1, 0, 1, 'Vat', 12.000),
(165, 1, 0, 1, 'Vat', 12.000),
(166, 1, 0, 1, 'Vat', 12.000),
(171, 1, 0, 1, 'Vat', 12.000),
(172, 1, 0, 1, 'Vat', 12.000),
(173, 1, 0, 1, 'Vat', 12.000),
(174, 1, 0, 1, 'Vat', 12.000),
(175, 1, 0, 1, 'Vat', 12.000),
(176, 1, 0, 1, 'Vat', 12.000),
(177, 1, 0, 1, 'Vat', 12.000),
(178, 1, 0, 1, 'Vat', 12.000),
(179, 1, 0, 1, 'Vat', 12.000),
(180, 1, 0, 1, 'Vat', 12.000),
(181, 1, 0, 1, 'Vat', 12.000),
(182, 1, 0, 1, 'Vat', 12.000),
(183, 1, 0, 1, 'Vat', 12.000),
(184, 1, 0, 1, 'Vat', 12.000),
(185, 1, 0, 1, 'Vat', 12.000),
(186, 1, 0, 1, 'Vat', 12.000),
(187, 1, 0, 1, 'Vat', 12.000),
(188, 1, 0, 1, 'Vat', 12.000),
(189, 1, 0, 1, 'Vat', 12.000),
(190, 1, 0, 1, 'Vat', 12.000),
(191, 1, 0, 1, 'Vat', 12.000),
(192, 1, 0, 1, 'Vat', 12.000),
(193, 1, 0, 1, 'Vat', 12.000),
(194, 1, 0, 1, 'Vat', 12.000),
(195, 1, 0, 1, 'Vat', 12.000),
(196, 1, 0, 1, 'Vat', 12.000),
(197, 1, 0, 1, 'Vat', 12.000),
(198, 1, 0, 1, 'Vat', 12.000),
(199, 1, 0, 1, 'Vat', 12.000),
(200, 1, 0, 1, 'Vat', 12.000),
(201, 1, 0, 1, 'Vat', 12.000),
(202, 1, 0, 1, 'Vat', 12.000),
(203, 1, 0, 1, 'Vat', 12.000),
(204, 1, 0, 1, 'Vat', 12.000),
(205, 1, 0, 1, 'Vat', 12.000),
(206, 1, 0, 1, 'Vat', 12.000),
(207, 1, 0, 1, 'Vat', 12.000),
(208, 1, 0, 1, 'Vat', 12.000),
(209, 1, 0, 1, 'Vat', 12.000),
(210, 1, 0, 1, 'Vat', 12.000),
(211, 1, 0, 1, 'Vat', 12.000),
(212, 1, 0, 1, 'Vat', 12.000),
(213, 1, 0, 1, 'Vat', 12.000),
(214, 1, 0, 1, 'Vat', 12.000),
(215, 1, 0, 1, 'Vat', 12.000),
(216, 1, 0, 1, 'Vat', 12.000),
(217, 1, 0, 1, 'Vat', 12.000),
(218, 1, 0, 1, 'Vat', 12.000),
(219, 1, 0, 1, 'Vat', 12.000),
(220, 1, 0, 1, 'Vat', 12.000),
(221, 1, 0, 1, 'Vat', 12.000),
(222, 1, 0, 1, 'Vat', 12.000),
(223, 1, 0, 1, 'Vat', 12.000),
(224, 1, 0, 1, 'Vat', 12.000),
(225, 1, 0, 1, 'Vat', 12.000),
(226, 1, 0, 1, 'Vat', 12.000),
(227, 1, 0, 1, 'Vat', 12.000),
(228, 1, 0, 1, 'Vat', 12.000),
(229, 1, 0, 1, 'Vat', 12.000),
(230, 1, 0, 1, 'Vat', 12.000),
(231, 1, 0, 1, 'Vat', 12.000),
(232, 1, 0, 1, 'Vat', 12.000),
(233, 1, 0, 1, 'Vat', 12.000),
(234, 1, 0, 1, 'Vat', 12.000),
(235, 1, 0, 1, 'Vat', 12.000),
(236, 1, 0, 1, 'Vat', 12.000),
(237, 1, 0, 1, 'Vat', 12.000),
(238, 1, 0, 1, 'Vat', 12.000),
(239, 1, 0, 1, 'Vat', 12.000),
(240, 1, 0, 1, 'Vat', 12.000),
(241, 1, 0, 1, 'Vat', 12.000),
(242, 1, 0, 1, 'Vat', 12.000),
(243, 1, 0, 1, 'Vat', 12.000),
(244, 1, 0, 1, 'Vat', 12.000),
(245, 1, 0, 1, 'Vat', 12.000),
(246, 1, 0, 1, 'Vat', 12.000),
(249, 1, 0, 1, 'Vat', 12.000),
(250, 1, 0, 1, 'Vat', 12.000),
(252, 1, 0, 1, 'Vat', 12.000),
(253, 1, 0, 1, 'Vat', 12.000),
(254, 1, 0, 1, 'Vat', 12.000),
(255, 1, 0, 1, 'Vat', 12.000),
(256, 1, 0, 1, 'Vat', 12.000),
(257, 1, 0, 1, 'Vat', 12.000),
(258, 1, 0, 1, 'Vat', 12.000),
(259, 1, 0, 1, 'Vat', 12.000),
(260, 1, 0, 1, 'Vat', 12.000),
(261, 1, 0, 1, 'Vat', 12.000),
(262, 1, 0, 1, 'Vat', 12.000),
(263, 1, 0, 1, 'Vat', 12.000),
(264, 1, 0, 1, 'Vat', 12.000),
(265, 1, 0, 1, 'Vat', 12.000),
(266, 1, 0, 1, 'Vat', 12.000),
(267, 1, 0, 1, 'Vat', 12.000),
(268, 1, 0, 1, 'Vat', 12.000),
(269, 1, 0, 1, 'Vat', 12.000),
(270, 1, 0, 1, 'Vat', 12.000),
(271, 1, 0, 1, 'Vat', 12.000),
(272, 1, 0, 1, 'Vat', 12.000),
(273, 1, 0, 1, 'Vat', 12.000),
(274, 1, 0, 1, 'Vat', 12.000),
(275, 1, 0, 1, 'Vat', 12.000),
(276, 1, 0, 1, 'Vat', 12.000),
(277, 1, 0, 1, 'Vat', 12.000),
(278, 1, 0, 1, 'Vat', 12.000),
(279, 1, 0, 1, 'Vat', 12.000),
(280, 1, 0, 1, 'Vat', 12.000),
(281, 1, 0, 1, 'Vat', 12.000),
(282, 1, 0, 1, 'Vat', 12.000),
(283, 1, 0, 1, 'Vat', 12.000),
(284, 1, 0, 1, 'Vat', 12.000),
(285, 1, 0, 1, 'Vat', 12.000),
(286, 1, 0, 1, 'Vat', 12.000),
(287, 1, 0, 1, 'Vat', 12.000),
(289, 1, 0, 1, 'Vat', 12.000),
(291, 1, 0, 1, 'Vat', 12.000),
(293, 1, 0, 1, 'Vat', 12.000),
(295, 1, 0, 1, 'Vat', 12.000),
(296, 1, 0, 1, 'Vat', 12.000),
(297, 1, 0, 1, 'Vat', 12.000),
(298, 1, 0, 1, 'Vat', 12.000),
(299, 1, 0, 1, 'Vat', 12.000),
(301, 1, 0, 1, 'Vat', 12.000),
(302, 1, 0, 1, 'Vat', 12.000),
(303, 1, 0, 1, 'Vat', 12.000),
(304, 1, 0, 1, 'Vat', 12.000),
(305, 1, 0, 1, 'Vat', 12.000),
(306, 1, 0, 1, 'Vat', 12.000),
(307, 1, 0, 1, 'Vat', 12.000),
(308, 1, 0, 1, 'Vat', 12.000),
(309, 1, 0, 1, 'Vat', 12.000),
(310, 1, 0, 1, 'Vat', 12.000),
(311, 1, 0, 1, 'Vat', 12.000),
(312, 1, 0, 1, 'Vat', 12.000),
(315, 1, 0, 1, 'Vat', 12.000),
(316, 1, 0, 1, 'Vat', 12.000),
(319, 1, 0, 1, 'Vat', 12.000),
(331, 1, 0, 1, 'Vat', 12.000),
(333, 1, 0, 1, 'Vat', 12.000),
(337, 1, 0, 1, 'Vat', 12.000),
(338, 1, 0, 1, 'Vat', 12.000),
(339, 1, 0, 1, 'Vat', 12.000),
(342, 1, 0, 1, 'Vat', 12.000),
(343, 1, 0, 1, 'Vat', 12.000),
(346, 1, 0, 1, 'Vat', 12.000),
(348, 1, 0, 1, 'Vat', 12.000),
(349, 1, 0, 1, 'Vat', 12.000),
(352, 1, 0, 1, 'Vat', 12.000),
(354, 1, 0, 1, 'Vat', 12.000),
(356, 1, 0, 1, 'Vat', 12.000),
(357, 1, 0, 1, 'Vat', 12.000),
(359, 1, 0, 1, 'Vat', 12.000),
(360, 2, 0, 1, 'Vat', 0.000),
(361, 1, 0, 1, 'Vat', 12.000),
(362, 1, 0, 1, 'Vat', 12.000),
(363, 1, 0, 1, 'Vat', 12.000),
(364, 1, 0, 1, 'Vat', 12.000),
(365, 1, 0, 1, 'Vat', 12.000),
(366, 1, 0, 1, 'Vat', 12.000),
(367, 2, 0, 1, 'Vat', 0.000),
(368, 1, 0, 1, 'Vat', 12.000),
(369, 1, 0, 1, 'Vat', 12.000),
(370, 2, 0, 1, 'Vat', 0.000),
(371, 1, 0, 1, 'Vat', 12.000),
(372, 1, 0, 1, 'Vat', 12.000),
(372, 2, 0, 2, 'Vat', 0.000),
(373, 1, 0, 1, 'Vat', 12.000),
(373, 2, 0, 2, 'Vat', 0.000),
(374, 1, 0, 1, 'Vat', 12.000),
(374, 2, 0, 2, 'Vat', 0.000),
(375, 2, 0, 1, 'Vat', 0.000),
(376, 2, 0, 1, 'Vat', 0.000),
(377, 1, 0, 1, 'Vat', 12.000),
(378, 1, 0, 1, 'Vat', 12.000),
(379, 1, 0, 1, 'Vat', 12.000),
(380, 1, 0, 1, 'Vat', 12.000),
(381, 2, 0, 1, 'Vat', 0.000),
(382, 2, 0, 1, 'Vat', 0.000),
(383, 2, 0, 1, 'Vat', 0.000),
(384, 2, 0, 1, 'Vat', 0.000),
(385, 2, 0, 1, 'Vat', 0.000),
(386, 2, 0, 1, 'Vat', 0.000),
(387, 2, 0, 1, 'Vat', 0.000),
(388, 2, 0, 1, 'Vat', 0.000),
(389, 2, 0, 1, 'Vat', 0.000),
(390, 2, 0, 1, 'Vat', 0.000),
(391, 2, 0, 1, 'Vat', 0.000),
(392, 2, 0, 1, 'Vat', 0.000),
(393, 2, 0, 1, 'Vat', 0.000),
(394, 2, 0, 1, 'Vat', 0.000),
(395, 2, 0, 1, 'Vat', 0.000),
(396, 2, 0, 1, 'Vat', 0.000),
(397, 2, 0, 1, 'Vat', 0.000),
(398, 2, 0, 1, 'Vat', 0.000),
(399, 2, 0, 1, 'Vat', 0.000),
(400, 2, 0, 1, 'Vat', 0.000),
(401, 2, 0, 1, 'Vat', 0.000),
(402, 2, 0, 1, 'Vat', 0.000),
(403, 2, 0, 1, 'Vat', 0.000),
(404, 2, 0, 1, 'Vat', 0.000),
(405, 2, 0, 1, 'Vat', 0.000),
(406, 2, 0, 1, 'Vat', 0.000),
(407, 2, 0, 1, 'Vat', 0.000),
(408, 2, 0, 1, 'Vat', 0.000),
(409, 2, 0, 1, 'Vat', 0.000),
(410, 2, 0, 1, 'Vat', 0.000),
(411, 2, 0, 1, 'Vat', 0.000),
(412, 2, 0, 1, 'Vat', 0.000),
(413, 2, 0, 1, 'Vat', 0.000),
(414, 2, 0, 1, 'Vat', 0.000),
(415, 2, 0, 1, 'Vat', 0.000),
(416, 2, 0, 1, 'Vat', 0.000),
(417, 2, 0, 1, 'Vat', 0.000),
(418, 2, 0, 1, 'Vat', 0.000),
(419, 2, 0, 1, 'Vat', 0.000),
(420, 1, 0, 1, 'Vat', 12.000),
(420, 2, 0, 2, 'Vat', 0.000),
(421, 2, 0, 1, 'Vat', 0.000),
(422, 2, 0, 1, 'Vat', 0.000),
(423, 2, 0, 1, 'Vat', 0.000),
(424, 2, 0, 1, 'Vat', 0.000),
(425, 2, 0, 1, 'Vat', 0.000),
(426, 2, 0, 1, 'Vat', 0.000),
(427, 2, 0, 1, 'Vat', 0.000),
(428, 2, 0, 1, 'Vat', 0.000),
(429, 1, 0, 2, 'Vat', 12.000),
(429, 2, 0, 1, 'Vat', 0.000),
(430, 1, 0, 1, 'Vat', 12.000),
(431, 1, 0, 1, 'Vat', 12.000),
(432, 1, 0, 1, 'Vat', 12.000),
(433, 1, 0, 1, 'Vat', 12.000),
(434, 1, 0, 1, 'Vat', 12.000),
(435, 1, 0, 1, 'Vat', 12.000),
(436, 1, 0, 1, 'Vat', 12.000),
(437, 1, 0, 1, 'Vat', 12.000),
(438, 1, 0, 1, 'VAT', 12.000),
(439, 1, 0, 1, 'VAT', 12.000),
(440, 2, 0, 1, 'Vat', 0.000),
(441, 1, 0, 1, 'VAT', 12.000),
(441, 2, 0, 2, 'Vat', 0.000),
(442, 1, 0, 1, 'VAT', 12.000),
(442, 2, 0, 2, 'Vat', 0.000),
(443, 1, 0, 1, 'VAT', 12.000),
(443, 3, 0, 2, 'VAT', 12.000),
(444, 1, 0, 1, 'VAT', 12.000),
(444, 3, 0, 2, 'VAT', 12.000),
(445, 1, 0, 1, 'VAT', 12.000),
(445, 3, 0, 2, 'VAT', 12.000),
(446, 1, 0, 1, 'VAT', 12.000),
(446, 3, 0, 2, 'VAT', 12.000),
(447, 1, 0, 1, 'VAT', 12.000),
(447, 3, 0, 2, 'VAT', 12.000),
(448, 1, 0, 1, 'VAT', 12.000),
(448, 3, 0, 2, 'VAT', 12.000),
(449, 1, 0, 1, 'VAT', 12.000),
(449, 3, 0, 2, 'VAT', 12.000),
(450, 1, 0, 1, 'NON VAT', 0.000),
(450, 1, 0, 1, 'VAT', 12.000),
(450, 3, 0, 2, 'NON VAT', 0.000),
(450, 3, 0, 2, 'VAT', 12.000),
(451, 1, 0, 1, 'NON VAT', 0.000),
(451, 1, 0, 1, 'VAT', 12.000),
(451, 3, 0, 2, 'NON VAT', 0.000),
(451, 3, 0, 2, 'VAT', 12.000),
(452, 1, 0, 1, 'NON VAT', 0.000),
(452, 1, 0, 1, 'VAT', 12.000),
(452, 3, 0, 2, 'NON VAT', 0.000),
(452, 3, 0, 2, 'VAT', 12.000),
(453, 1, 0, 1, 'NON VAT', 0.000),
(453, 1, 0, 1, 'VAT', 12.000),
(454, 1, 0, 1, 'NON VAT', 0.000),
(454, 1, 0, 1, 'VAT', 12.000),
(455, 4, 0, 1, 'VAT', 0.000),
(456, 2, 0, 1, 'NON VAT', 0.000),
(457, 2, 0, 1, 'NON VAT', 0.000),
(458, 2, 0, 1, 'NON VAT', 0.000),
(459, 2, 0, 1, 'NON VAT', 0.000),
(460, 2, 0, 1, 'NON VAT', 0.000),
(461, 2, 0, 1, 'NON VAT', 0.000),
(462, 2, 0, 1, 'NON VAT', 0.000),
(463, 2, 0, 1, 'NON VAT', 0.000),
(464, 2, 0, 1, 'NON VAT', 0.000),
(465, 2, 0, 1, 'NON VAT', 0.000),
(466, 2, 0, 1, 'NON VAT', 0.000),
(467, 1, 0, 1, 'VAT', 12.000);

-- --------------------------------------------------------

--
-- Table structure for table `ospos_sales_payments`
--

CREATE TABLE IF NOT EXISTS `ospos_sales_payments` (
  `sale_id` int(10) NOT NULL,
  `or_id` int(10) NOT NULL,
  `take_type` varchar(40) NOT NULL,
  `payment_type` varchar(40) NOT NULL,
  `payment_amount` decimal(15,2) NOT NULL,
  PRIMARY KEY (`sale_id`,`payment_type`)
) ENGINE=InnoDB DEFAULT CHARSET=utf8;

--
-- Dumping data for table `ospos_sales_payments`
--

INSERT INTO `ospos_sales_payments` (`sale_id`, `or_id`, `take_type`, `payment_type`, `payment_amount`) VALUES
(1, 0, '', 'Cash', 178.57),
(2, 0, '', 'Cash', 250.00),
(3, 0, '', 'Cash', 250.00),
(4, 0, '', 'Cash', 250.00),
(5, 0, '', 'Cash', 250.00),
(6, 0, '', 'Cash', 250.00),
(7, 0, '', 'Cash', 250.00),
(8, 0, '', 'Cash', 250.00),
(9, 0, '', 'Cash', 250.00),
(10, 0, '', 'Cash', 250.00),
(11, 0, '', 'Cash', 250.00),
(12, 0, '', 'Cash', 250.00),
(13, 0, '', 'Cash', 250.00),
(14, 0, '', 'Cash', 250.00),
(15, 0, '', 'Cash', 250.00),
(16, 0, '', 'Cash', 250.00),
(17, 0, '', 'Cash', 250.00),
(18, 0, '', 'Cash', 250.00),
(19, 0, '', 'Cash', 250.00),
(20, 0, '', 'Cash', 250.00),
(21, 0, '', 'Cash', 250.00),
(22, 0, '', 'Cash', 250.00),
(23, 0, '', 'Cash', 250.00),
(24, 0, '', 'Cash', 250.00),
(25, 0, '', 'Cash', 250.00),
(26, 0, '', 'Cash', 250.00),
(27, 0, '', 'Cash', 250.00),
(28, 0, '', 'Cash', 250.00),
(29, 0, '', 'Cash', 250.00),
(30, 0, '', 'Cash', 250.00),
(31, 0, '', 'Cash', 250.00),
(32, 0, '', 'Cash', 250.00),
(33, 0, '', 'Cash', 250.00),
(35, 1, '', 'Cash', 250.00),
(36, 48059387, '', 'Cash', 250.00),
(37, 10225219, '', 'Cash', 250.00),
(38, 36570434, '', 'Cash', 250.00),
(39, 47180480, '', 'Cash', 250.00),
(40, 42994689, '', 'Cash', 250.00),
(41, 66953125, '', 'Cash', 250.00),
(42, 71169128, '', 'Cash', 250.00),
(43, 60918884, '', 'Cash', 250.00),
(44, 49608459, '', 'Cash', 250.00),
(45, 76610107, '', 'Cash', 250.00),
(46, 12243957, '', 'Cash', 250.00),
(49, 50517578, '', 'Cash', 250.00),
(50, 93051147, '', 'Cash', 250.00),
(51, 88288574, '', 'Cash', 250.00),
(52, 57087402, '', 'Cash', 250.00),
(53, 74742431, '', 'Cash', 250.00),
(54, 36589660, '', 'Cash', 250.00),
(55, 57782287, '', 'Cash', 250.00),
(56, 93570251, '', 'Cash', 250.00),
(57, 0, '', 'Cash', 250.00),
(58, 0, '', 'Cash', 250.00),
(59, 0, '', 'Cash', 250.00),
(60, 0, '', 'Cash', 250.00),
(61, 0, '', 'Cash', 250.00),
(62, 0, '', 'Cash', 250.00),
(63, 0, '', 'Cash', 250.00),
(64, 0, '', 'Cash', 250.00),
(65, 0, '', 'Cash', 250.00),
(66, 0, '', 'Cash', 250.00),
(67, 0, '', 'Cash', 250.00),
(68, 0, '', 'Cash', 250.00),
(69, 0, '', 'Cash', 250.00),
(70, 0, '', 'Cash', 250.00),
(71, 0, '', 'Cash', 250.00),
(72, 0, '', 'Cash', 250.00),
(73, 0, '', 'Cash', 250.00),
(74, 0, '', 'Cash', 250.00),
(75, 0, '', 'Cash', 250.00),
(76, 0, '', 'Cash', 250.00),
(77, 0, '', 'Cash', 250.00),
(78, 0, '', 'Cash', 250.00),
(79, 0, '', 'Cash', 749.99),
(80, 0, '', 'Cash', 250.00),
(81, 0, '', 'Cash', 250.00),
(82, 0, '', 'Cash', 250.00),
(83, 0, '', 'Cash', 250.00),
(86, 0, '', 'Cash', 250.00),
(87, 0, '', 'Cash', 250.00),
(88, 0, '', 'Cash', 250.00),
(89, 0, '', 'Cash', 250.00),
(90, 0, '', 'Cash', 250.00),
(91, 0, '', 'Cash', 250.00),
(96, 0, '', 'Cash', 250.00),
(97, 79969177, '', 'Cash', 250.00),
(98, 57633972, '', 'Cash', 250.00),
(99, 93073120, '', 'Cash', 250.00),
(100, 57436218, '', 'Cash', 250.00),
(101, 81938476, '', 'Cash', 250.00),
(102, 45711059, '', 'Cash', 250.00),
(103, 11090393, '', 'Cash', 250.00),
(104, 49962768, '', 'Cash', 250.00),
(105, 41519775, '', 'Cash', 250.00),
(106, 0, '', 'Cash', 250.00),
(107, 0, '', 'Cash', 250.00),
(108, 0, '', 'Cash', 250.00),
(109, 0, '', 'Cash', 250.00),
(110, 0, '', 'Cash', 250.00),
(111, 0, '', 'Cash', 250.00),
(112, 0, '', 'Cash', 250.00),
(113, 0, '', 'Cash', 250.00),
(114, 0, '', 'Cash', 250.00),
(115, 0, '', 'Cash', 250.00),
(116, 0, '', 'Cash', 250.00),
(117, 0, '', 'Cash', 250.00),
(118, 0, '', 'Cash', 250.00),
(119, 0, '', 'Cash', 250.00),
(120, 0, '', 'Cash', 250.00),
(121, 0, '', 'Cash', 223.21),
(122, 0, '', 'Cash', 250.00),
(123, 0, '', 'Cash', 250.00),
(124, 0, '', 'Cash', 250.00),
(125, 0, '', 'Cash', 250.00),
(126, 0, '', 'Cash', 250.00),
(127, 0, '', 'Cash', 250.00),
(128, 0, '', 'Cash', 250.00),
(129, 0, '', 'Cash', 250.00),
(130, 0, '', 'Cash', 250.00),
(131, 0, '', 'Cash', 250.00),
(132, 0, '', 'Cash', 250.00),
(133, 0, '', 'Cash', 223.21),
(134, 0, '', 'Cash', 250.00),
(135, 0, '', 'Cash', 250.00),
(136, 0, '', 'Cash', 250.00),
(137, 0, '', 'Cash', 250.00),
(138, 0, '', 'Cash', 250.00),
(139, 0, '', 'Cash', 250.00),
(140, 0, '', 'Cash', 250.00),
(142, 0, '', 'Cash', 250.00),
(143, 0, '', 'Cash', 250.00),
(144, 0, '', 'Cash', 250.00),
(145, 48358764, '', 'Cash', 250.00),
(146, 0, '', 'Cash', 250.00),
(147, 0, '', 'Cash', 250.00),
(148, 0, '', 'Cash', 250.00),
(149, 0, '', 'Cash', 250.00),
(150, 0, '', 'Cash', 250.00),
(151, 0, '', 'Cash', 250.00),
(152, 0, '', 'Cash', 250.00),
(153, 0, '', 'Cash', 250.00),
(154, 0, '', 'Cash', 250.00),
(155, 0, '', 'Cash', 250.00),
(156, 0, '', 'Cash', 250.00),
(157, 0, '', 'Cash', 250.00),
(158, 0, '', 'Cash', 223.21),
(159, 0, '', 'Cash', 223.21),
(160, 0, '', 'Cash', 250.00),
(161, 0, '', 'Cash', 250.00),
(163, 0, '', 'Cash', 250.00),
(164, 0, '', 'Cash', 250.00),
(165, 0, '', 'Cash', 250.00),
(166, 0, '', 'Cash', 250.00),
(171, 0, '', 'Cash', 250.00),
(172, 0, '', 'Cash', 250.00),
(173, 0, '', 'Cash', 250.00),
(174, 0, '', 'Cash', 250.00),
(175, 0, '', 'Cash', 250.00),
(176, 0, '', 'Cash', 250.00),
(177, 0, '', 'Cash', 250.00),
(178, 0, '', 'Cash', 250.00),
(179, 0, '', 'Cash', 250.00),
(180, 0, '', 'Cash', 250.00),
(181, 0, '', 'Cash', 250.00),
(182, 0, '', 'Cash', 250.00),
(183, 0, '', 'Cash', 250.00),
(184, 0, '', 'Cash', 250.00),
(185, 0, '', 'Cash', 250.00),
(186, 0, '', 'Cash', 250.00),
(187, 0, '', 'Cash', 250.00),
(188, 0, '', 'Cash', 250.00),
(189, 0, '', 'Cash', 250.00),
(190, 0, '', 'Cash', 250.00),
(203, 0, '', 'Cash', 250.00),
(204, 0, '', 'Cash', 250.00),
(205, 0, '', 'Cash', 250.00),
(206, 0, '', 'Cash', 250.00),
(207, 0, '', 'Cash', 250.00),
(208, 0, '', 'Cash', 250.00),
(209, 0, '', 'Cash', 250.00),
(210, 0, '', 'Cash', 250.00),
(211, 0, '', 'Cash', 250.00),
(212, 0, '', 'Cash', 250.00),
(213, 0, '', 'Cash', 250.00),
(214, 0, '', 'Cash', 250.00),
(215, 0, '', 'Cash', 250.00),
(216, 0, '', 'Cash', 250.00),
(217, 0, '', 'Cash', 250.00),
(218, 0, '', 'Cash', 250.00),
(219, 0, '', 'Cash', 250.00),
(220, 0, '', 'Cash', 250.00),
(221, 0, '', 'Cash', 250.00),
(222, 0, '', 'Cash', 250.00),
(223, 0, '', 'Cash', 250.00),
(224, 0, '', 'Cash', 250.00),
(225, 0, '', 'Cash', 250.00),
(226, 0, '', 'Cash', 250.00),
(227, 0, '', 'Cash', 250.00),
(228, 0, '', 'Cash', 250.00),
(229, 0, '', 'Cash', 250.00),
(230, 0, '', 'Cash', 250.00),
(231, 0, '', 'Cash', 250.00),
(232, 0, '', 'Cash', 250.00),
(233, 0, '', 'Cash', 250.00),
(234, 0, '', 'Cash', 250.00),
(235, 0, '', 'Cash', 250.00),
(236, 0, '', 'Cash', 250.00),
(237, 0, '', 'Cash', 250.00),
(238, 0, '', 'Cash', 250.00),
(239, 0, '', 'Cash', 250.00),
(240, 0, '', 'Cash', 250.00),
(241, 0, '', 'Cash', 250.00),
(242, 0, '', 'Cash', 250.00),
(243, 0, '', 'Cash', 250.00),
(244, 0, '', 'Cash', 250.00),
(245, 0, '', 'Cash', 250.00),
(246, 0, '', 'Cash', 250.00),
(247, 0, '', 'Cash', 178.57),
(248, 0, '', 'Cash', 178.57),
(259, 0, '', 'Cash', 250.00),
(260, 0, '', 'Cash', 250.00),
(275, 1635575011, '', 'Cash', 250.00),
(276, 2131087485, '', 'Cash', 250.00),
(277, 323777478, '', 'Cash', 250.00),
(278, 2018261104, '', 'Cash', 250.00),
(279, 1829134586, '', 'Cash', 250.00),
(280, 1493000964, '', 'Cash', 250.00),
(281, 86146240, '', 'Cash', 250.00),
(282, 91804199, '', 'Cash', 250.00),
(283, 45142517, '', 'Cash', 250.00),
(284, 0, '', 'Cash', 250.00),
(285, 0, '', 'Cash', 250.00),
(286, 18566589, '', 'Cash', 250.00),
(287, 82468566, '', 'Cash', 250.00),
(288, 77030334, '', 'Cash', 178.57),
(289, 41050109, '', 'Cash', 250.00),
(290, 69419555, '', 'Cash', 178.57),
(291, 30011596, '', 'Cash', 250.00),
(292, 44335021, '', 'Cash', 178.57),
(293, 77612609, '', 'Cash', 250.00),
(294, 17937622, '', 'Cash', 178.57),
(295, 21098937, '', 'Cash', 250.00),
(296, 70773620, '', 'Cash', 250.00),
(297, 27844543, '', 'Cash', 250.00),
(298, 64645996, '', 'Cash', 250.00),
(299, 89604187, '', 'Cash', 499.99),
(300, 49053649, '', 'Cash', 178.57),
(301, 91776733, '', 'Cash', 250.00),
(302, 80158691, '', 'Cash', 250.00),
(303, 71388854, '', 'Cash', 250.00),
(304, 41442871, '', 'Cash', 250.00),
(305, 85421142, '', 'Cash', 250.00),
(306, 86788940, '', 'Cash', 250.00),
(307, 61204528, '', 'Cash', 250.00),
(308, 82608642, '', 'Cash', 250.00),
(309, 66774597, '', 'Cash', 250.00),
(310, 73404846, '', 'Cash', 250.00),
(311, 28075256, '', 'Cash', 250.00),
(312, 97236938, '', 'Cash', 1000.00),
(313, 81402893, '', 'Cash', 178.57),
(314, 85618896, '', 'Cash', 178.57),
(315, 99634704, '', 'Cash', 250.00),
(316, 20593566, '', 'Cash', 250.00),
(317, 47611694, '0', 'Cash', 178.57),
(318, 65393066, '0', 'Cash', 178.57),
(319, 31489257, '0', 'Cash', 250.00),
(320, 88228149, '0', 'Cash', 178.57),
(331, 61968078, '', 'Cash', 250.00),
(332, 88969726, '', 'Cash', 200.00),
(333, 81680297, '', 'Cash', 500.00),
(334, 71430053, '', 'Cash', 500.00),
(337, 10068664, '', 'Cash', 250.00),
(338, 14284667, '', 'Cash', 250.00),
(339, 89705810, '', 'Cash', 250.00),
(341, 63352355, '', 'Cash', 178.57),
(342, 56466674, '', 'Cash', 250.00),
(343, 20582580, '', 'Cash', 250.00),
(344, 11700134, '', 'Cash', 500.00),
(345, 32780151, '', 'Cash', 500.00),
(346, 46795959, '', 'Cash', 250.00),
(347, 95682373, '', 'Cash', 223.21),
(348, 23914184, '', 'Cash', 250.00),
(349, 23463745, '', 'Cash', 500.00),
(350, 77033081, '', 'Credit Card', 500.00),
(351, 82279052, '', 'Cash', 178.57),
(352, 72028808, '', 'Cash', 250.00),
(353, 55856933, '', 'Cash', 500.00),
(354, 44593200, '', 'Cash', 500.00),
(355, 61569824, '', 'Cash', 500.00),
(356, 12249450, '', 'Cash', 500.00),
(357, 83454589, '', 'Cash', 250.00),
(358, 84709777, '', 'Cash', 500.00),
(359, 70243530, '', 'Cash', 250.00),
(360, 90068359, '', 'Cash', 500.00),
(361, 61135864, '', 'Cash', 500.00),
(362, 79255065, '', 'Cash', 500.00),
(363, 26652526, '', 'Cash', 500.00),
(364, 62086181, '', 'Cash', 250.00),
(365, 91936035, '', 'Cash', 250.00),
(366, 84421386, '', 'Cash', 500.00),
(367, 81010131, '', 'Cash', 500.00),
(368, 79546203, '', 'Cash', 500.00),
(369, 50726318, '', 'Cash', 500.00),
(370, 70438537, '', 'Credit Card', 500.00),
(371, 26589355, '', 'Cash', 200.00),
(372, 65761108, '', 'Cash', 428.56),
(373, 65310668, '', 'Cash', 500.00),
(374, 32162170, '', 'Cash', 1000.00),
(375, 28525695, '', 'Cash', 200.00),
(376, 19755859, '', 'Cash', 200.00),
(377, 55211486, '', 'Cash', 250.00),
(378, 11219482, '', 'Cash', 250.00),
(379, 59526367, '', 'Cash', 250.00),
(380, 95976257, '', 'Cash', 250.00),
(381, 49954528, '', 'Cash', 178.57),
(382, 37097778, '', 'Cash', 178.57),
(383, 52368774, '', 'Cash', 178.57),
(384, 67752380, '', 'Cash', 500.00),
(385, 90425415, '', 'Cash', 178.57),
(386, 80175170, '', 'Cash', 178.57),
(387, 16275939, '', 'Cash', 178.57),
(388, 85673828, '', 'Cash', 178.57),
(389, 85465087, '', 'Cash', 178.57),
(390, 79463806, '', 'Cash', 178.57),
(391, 66140136, '', 'Cash', 178.57),
(392, 62728881, '', 'Cash', 222.76),
(393, 18412780, '', 'Cash', 222.76),
(394, 11235961, '', 'Cash', 222.76),
(395, 88362731, '', 'Cash', 222.76),
(396, 75972900, '', 'Cash', 178.57),
(397, 38045349, '', 'Cash', 178.57),
(398, 52453918, '', 'Cash', 178.57),
(399, 91526794, '', 'Cash', 500.00),
(400, 44041137, '', 'Cash', 178.57),
(401, 26630554, '', 'Cash', 178.57),
(402, 25150146, '', 'Cash', 178.57),
(403, 96355285, '', 'Cash', 178.57),
(404, 80296020, '', 'Cash', 178.57),
(405, 52956542, '', 'Cash', 178.57),
(406, 78477783, '', 'Cash', 178.57),
(407, 25570373, '', 'Cash', 500.00),
(408, 23389587, '', 'Cash', 178.57),
(409, 48614196, '', 'Cash', 178.57),
(410, 50113830, '', 'Cash', 178.57),
(411, 19154357, '', 'Cash', 178.57),
(412, 79658813, '', 'Cash', -175.37),
(413, 94770507, '', 'Cash', 178.57),
(414, 33252563, '', 'Cash', 178.57),
(415, 77343444, '', 'Cash', 178.57),
(416, 57180786, '', 'Cash', 178.57),
(417, 14119873, '', 'Cash', 178.57),
(418, 64711914, '', 'Cash', 178.57),
(419, 58677673, '', 'Cash', 178.57),
(420, 39770202, '', 'Cash', 428.56),
(421, 79082031, '', 'Cash', 178.57),
(422, 81817626, '', 'Cash', 178.57),
(423, 11079406, '', 'Cash', 178.57),
(424, 59498901, '', 'Cash', 178.57),
(425, 12864685, '', 'Cash', 178.57),
(426, 87258605, '', 'Cash', 178.57),
(427, 21557617, '', 'Cash', 178.57),
(428, 10856933, '', 'Cash', 178.57),
(429, 49017944, '', 'Cash', 1000.00),
(430, 60652465, '', 'Cash', 500.00),
(431, 86173706, '', 'Cash', 250.00),
(432, 70792846, '', 'Cash', 250.00),
(433, 32173156, '', 'Cash', 250.00),
(434, 46414184, '', 'Cash', 250.00),
(435, 72048034, '', 'Cash', 250.00),
(436, 50984497, '', 'Cash', 250.00),
(437, 80496520, '', 'Cash', 250.00),
(438, 20346374, '', 'Cash', 250.00),
(439, 53044433, '', 'Cash', 250.00),
(440, 68653259, '', 'Cash', 200.00),
(441, 68991088, '', 'Cash', 500.00),
(442, 57073669, '', 'Credit Card', 500.00),
(443, 36078796, '', 'Cash', 377.72),
(444, 33409118, '', 'Cash', 377.72),
(445, 74313964, '', 'Cash', 755.44),
(446, 24880981, '', 'Cash', 377.72),
(447, 91419677, '', 'Cash', 377.72),
(448, 35485534, '', 'Cash', 377.72),
(449, 55359802, '', 'Cash', 377.72),
(450, 95476379, '', 'Cash', 377.72),
(451, 62215270, '', 'Cash', 377.72),
(452, 85758972, '', 'Cash', 377.72),
(453, 99848937, '', 'Cash', 250.00),
(454, 93042907, '', 'Cash', 250.00),
(455, 54796752, '', 'Cash', 88.00),
(456, 98038940, '', 'Cash', 178.57),
(457, 99552307, '', 'Cash', 178.57),
(458, 40882568, '', 'Cash', 200.00),
(459, 11513366, '', 'Cash', 357.14),
(460, 98327331, '', 'Cash', 178.57),
(461, 24853515, '', 'Cash', 178.57),
(462, 79886779, '', 'Cash', 178.57),
(463, 71229553, '', 'Cash', 178.57),
(464, 98074645, '', 'Cash', 200.00),
(465, 89096069, '', 'Cash', 178.57),
(466, 51618957, '', 'Cash', 178.57),
(467, 74066772, '', 'Cash', 250.00);

-- --------------------------------------------------------

--
-- Table structure for table `ospos_sales_suspended`
--

CREATE TABLE IF NOT EXISTS `ospos_sales_suspended` (
  `sale_time` timestamp NOT NULL DEFAULT CURRENT_TIMESTAMP,
  `customer_id` int(10) DEFAULT NULL,
  `employee_id` int(10) NOT NULL DEFAULT '0',
  `comment` text NOT NULL,
  `senior` varchar(50) NOT NULL,
  `take_type` varchar(40) NOT NULL,
  `or_id` int(10) NOT NULL,
  `sale_id` int(10) NOT NULL AUTO_INCREMENT,
  `payment_type` varchar(512) DEFAULT NULL,
  PRIMARY KEY (`sale_id`),
  KEY `customer_id` (`customer_id`),
  KEY `employee_id` (`employee_id`)
) ENGINE=InnoDB DEFAULT CHARSET=utf8 AUTO_INCREMENT=1 ;

--
-- Dumping data for table `ospos_sales_suspended`
--


-- --------------------------------------------------------

--
-- Table structure for table `ospos_sales_suspended_items`
--

CREATE TABLE IF NOT EXISTS `ospos_sales_suspended_items` (
  `sale_id` int(10) NOT NULL DEFAULT '0',
  `or_id` int(10) NOT NULL,
  `item_id` int(10) NOT NULL DEFAULT '0',
  `description` varchar(30) DEFAULT NULL,
  `serialnumber` varchar(30) DEFAULT NULL,
  `line` int(3) NOT NULL DEFAULT '0',
  `quantity_purchased` double(15,2) NOT NULL DEFAULT '0.00',
  `item_cost_price` decimal(15,2) NOT NULL,
  `item_unit_price` double(15,2) NOT NULL,
  `discount_percent` int(11) NOT NULL DEFAULT '0',
  PRIMARY KEY (`sale_id`,`item_id`,`line`),
  KEY `item_id` (`item_id`)
) ENGINE=InnoDB DEFAULT CHARSET=utf8;

--
-- Dumping data for table `ospos_sales_suspended_items`
--


-- --------------------------------------------------------

--
-- Table structure for table `ospos_sales_suspended_items_taxes`
--

CREATE TABLE IF NOT EXISTS `ospos_sales_suspended_items_taxes` (
  `sale_id` int(10) NOT NULL,
  `item_id` int(10) NOT NULL,
  `line` int(3) NOT NULL DEFAULT '0',
  `name` varchar(255) NOT NULL,
  `percent` double(15,3) NOT NULL,
  `or_id` int(10) NOT NULL,
  PRIMARY KEY (`sale_id`,`item_id`,`line`,`name`,`percent`),
  KEY `item_id` (`item_id`)
) ENGINE=InnoDB DEFAULT CHARSET=utf8;

--
-- Dumping data for table `ospos_sales_suspended_items_taxes`
--


-- --------------------------------------------------------

--
-- Table structure for table `ospos_sales_suspended_payments`
--

CREATE TABLE IF NOT EXISTS `ospos_sales_suspended_payments` (
  `sale_id` int(10) NOT NULL,
  `payment_type` varchar(40) NOT NULL,
  `payment_amount` decimal(15,2) NOT NULL,
  `or_id` int(10) NOT NULL,
  PRIMARY KEY (`sale_id`,`payment_type`)
) ENGINE=InnoDB DEFAULT CHARSET=utf8;

--
-- Dumping data for table `ospos_sales_suspended_payments`
--


-- --------------------------------------------------------

--
-- Table structure for table `ospos_sessions`
--

CREATE TABLE IF NOT EXISTS `ospos_sessions` (
  `session_id` varchar(40) NOT NULL DEFAULT '0',
  `ip_address` varchar(16) NOT NULL DEFAULT '0',
  `user_agent` varchar(120) NOT NULL,
  `last_activity` int(10) unsigned NOT NULL DEFAULT '0',
  `user_data` text,
  PRIMARY KEY (`session_id`)
) ENGINE=InnoDB DEFAULT CHARSET=utf8;

--
-- Dumping data for table `ospos_sessions`
--

INSERT INTO `ospos_sessions` (`session_id`, `ip_address`, `user_agent`, `last_activity`, `user_data`) VALUES
('c1d72d5f2ec79ee12d35f29599419cdd', '127.0.0.1', 'Mozilla/5.0 (Windows NT 5.1; rv:31.0) Gecko/20100101 Firefox/31.0', 1410354066, 'a:2:{s:9:"user_data";s:0:"";s:9:"person_id";s:1:"1";}');

-- --------------------------------------------------------

--
-- Table structure for table `ospos_suppliers`
--

CREATE TABLE IF NOT EXISTS `ospos_suppliers` (
  `person_id` int(10) NOT NULL,
  `company_name` varchar(255) NOT NULL,
  `account_number` varchar(255) DEFAULT NULL,
  `deleted` int(1) NOT NULL DEFAULT '0',
  UNIQUE KEY `account_number` (`account_number`),
  KEY `person_id` (`person_id`)
) ENGINE=InnoDB DEFAULT CHARSET=utf8;

--
-- Dumping data for table `ospos_suppliers`
--


-- --------------------------------------------------------

--
-- Table structure for table `products`
--

CREATE TABLE IF NOT EXISTS `products` (
  `id` int(11) NOT NULL AUTO_INCREMENT,
  `name` varchar(20) COLLATE latin1_general_ci NOT NULL,
  `description` varchar(255) COLLATE latin1_general_ci NOT NULL,
  `price` float NOT NULL,
  `picture` varchar(80) COLLATE latin1_general_ci NOT NULL,
  PRIMARY KEY (`id`)
) ENGINE=MyISAM  DEFAULT CHARSET=latin1 COLLATE=latin1_general_ci AUTO_INCREMENT=12 ;

--
-- Dumping data for table `products`
--

INSERT INTO `products` (`id`, `name`, `description`, `price`, `picture`) VALUES
(1, 'View Sonic LCD', '19" View Sonic Black LCD, with 10 months warranty', 250, 'images/lcd.jpg'),
(2, 'IBM CDROM Drive', 'IBM CDROM Drive.', 80, 'images/cdrom-drive.jpg'),
(3, 'Laptop Charger', 'Dell Laptop Charger with 6 months warranty', 50, 'images/charger.jpg'),
(4, 'Seagate Hard Drive', '80 GB Seagate Hard Drive in 10 months warranty.', 40, 'images/hard-drive.jpg'),
(5, 'Atech Mouse.', 'Black colored laser mouse. No warranty', 3, 'images/mouse.jpg'),
(6, 'Nokia 5800', 'Nokia 5800 XpressMusic is a mobile device with 3.2" widescreen display brings photos, video clips and web content to life', 299, 'images/mobile.jpg'),
(11, 'Samsung Galaxy S2', 'Samsung Galaxy S2', 499, 'images/samsung_s2.jpg');

--
-- Constraints for dumped tables
--

--
-- Constraints for table `ospos_customers`
--
ALTER TABLE `ospos_customers`
  ADD CONSTRAINT `ospos_customers_ibfk_1` FOREIGN KEY (`person_id`) REFERENCES `ospos_people` (`person_id`);

--
-- Constraints for table `ospos_employees`
--
ALTER TABLE `ospos_employees`
  ADD CONSTRAINT `ospos_employees_ibfk_1` FOREIGN KEY (`person_id`) REFERENCES `ospos_people` (`person_id`);

--
-- Constraints for table `ospos_inventory`
--
ALTER TABLE `ospos_inventory`
  ADD CONSTRAINT `ospos_inventory_ibfk_1` FOREIGN KEY (`trans_items`) REFERENCES `ospos_items` (`item_id`),
  ADD CONSTRAINT `ospos_inventory_ibfk_2` FOREIGN KEY (`trans_user`) REFERENCES `ospos_employees` (`person_id`);

--
-- Constraints for table `ospos_items`
--
ALTER TABLE `ospos_items`
  ADD CONSTRAINT `ospos_items_ibfk_1` FOREIGN KEY (`supplier_id`) REFERENCES `ospos_suppliers` (`person_id`);

--
-- Constraints for table `ospos_items_taxes`
--
ALTER TABLE `ospos_items_taxes`
  ADD CONSTRAINT `ospos_items_taxes_ibfk_1` FOREIGN KEY (`item_id`) REFERENCES `ospos_items` (`item_id`) ON DELETE CASCADE;

--
-- Constraints for table `ospos_item_kit_items`
--
ALTER TABLE `ospos_item_kit_items`
  ADD CONSTRAINT `ospos_item_kit_items_ibfk_1` FOREIGN KEY (`item_kit_id`) REFERENCES `ospos_item_kits` (`item_kit_id`) ON DELETE CASCADE,
  ADD CONSTRAINT `ospos_item_kit_items_ibfk_2` FOREIGN KEY (`item_id`) REFERENCES `ospos_items` (`item_id`) ON DELETE CASCADE;

--
-- Constraints for table `ospos_permissions`
--
ALTER TABLE `ospos_permissions`
  ADD CONSTRAINT `ospos_permissions_ibfk_1` FOREIGN KEY (`person_id`) REFERENCES `ospos_employees` (`person_id`),
  ADD CONSTRAINT `ospos_permissions_ibfk_2` FOREIGN KEY (`module_id`) REFERENCES `ospos_modules` (`module_id`);

--
-- Constraints for table `ospos_receivings`
--
ALTER TABLE `ospos_receivings`
  ADD CONSTRAINT `ospos_receivings_ibfk_1` FOREIGN KEY (`employee_id`) REFERENCES `ospos_employees` (`person_id`),
  ADD CONSTRAINT `ospos_receivings_ibfk_2` FOREIGN KEY (`supplier_id`) REFERENCES `ospos_suppliers` (`person_id`);

--
-- Constraints for table `ospos_receivings_items`
--
ALTER TABLE `ospos_receivings_items`
  ADD CONSTRAINT `ospos_receivings_items_ibfk_1` FOREIGN KEY (`item_id`) REFERENCES `ospos_items` (`item_id`),
  ADD CONSTRAINT `ospos_receivings_items_ibfk_2` FOREIGN KEY (`receiving_id`) REFERENCES `ospos_receivings` (`receiving_id`);

--
-- Constraints for table `ospos_sales`
--
ALTER TABLE `ospos_sales`
  ADD CONSTRAINT `ospos_sales_ibfk_1` FOREIGN KEY (`employee_id`) REFERENCES `ospos_employees` (`person_id`),
  ADD CONSTRAINT `ospos_sales_ibfk_2` FOREIGN KEY (`customer_id`) REFERENCES `ospos_customers` (`person_id`);

--
-- Constraints for table `ospos_sales_items`
--
ALTER TABLE `ospos_sales_items`
  ADD CONSTRAINT `ospos_sales_items_ibfk_1` FOREIGN KEY (`item_id`) REFERENCES `ospos_items` (`item_id`),
  ADD CONSTRAINT `ospos_sales_items_ibfk_2` FOREIGN KEY (`sale_id`) REFERENCES `ospos_sales` (`sale_id`);

--
-- Constraints for table `ospos_sales_items_taxes`
--
ALTER TABLE `ospos_sales_items_taxes`
  ADD CONSTRAINT `ospos_sales_items_taxes_ibfk_1` FOREIGN KEY (`sale_id`) REFERENCES `ospos_sales_items` (`sale_id`),
  ADD CONSTRAINT `ospos_sales_items_taxes_ibfk_2` FOREIGN KEY (`item_id`) REFERENCES `ospos_items` (`item_id`);

--
-- Constraints for table `ospos_sales_payments`
--
ALTER TABLE `ospos_sales_payments`
  ADD CONSTRAINT `ospos_sales_payments_ibfk_1` FOREIGN KEY (`sale_id`) REFERENCES `ospos_sales` (`sale_id`);

--
-- Constraints for table `ospos_sales_suspended`
--
ALTER TABLE `ospos_sales_suspended`
  ADD CONSTRAINT `ospos_sales_suspended_ibfk_1` FOREIGN KEY (`employee_id`) REFERENCES `ospos_employees` (`person_id`),
  ADD CONSTRAINT `ospos_sales_suspended_ibfk_2` FOREIGN KEY (`customer_id`) REFERENCES `ospos_customers` (`person_id`);

--
-- Constraints for table `ospos_sales_suspended_items`
--
ALTER TABLE `ospos_sales_suspended_items`
  ADD CONSTRAINT `ospos_sales_suspended_items_ibfk_1` FOREIGN KEY (`item_id`) REFERENCES `ospos_items` (`item_id`),
  ADD CONSTRAINT `ospos_sales_suspended_items_ibfk_2` FOREIGN KEY (`sale_id`) REFERENCES `ospos_sales_suspended` (`sale_id`);

--
-- Constraints for table `ospos_sales_suspended_items_taxes`
--
ALTER TABLE `ospos_sales_suspended_items_taxes`
  ADD CONSTRAINT `ospos_sales_suspended_items_taxes_ibfk_1` FOREIGN KEY (`sale_id`) REFERENCES `ospos_sales_suspended_items` (`sale_id`),
  ADD CONSTRAINT `ospos_sales_suspended_items_taxes_ibfk_2` FOREIGN KEY (`item_id`) REFERENCES `ospos_items` (`item_id`);

--
-- Constraints for table `ospos_sales_suspended_payments`
--
ALTER TABLE `ospos_sales_suspended_payments`
  ADD CONSTRAINT `ospos_sales_suspended_payments_ibfk_1` FOREIGN KEY (`sale_id`) REFERENCES `ospos_sales_suspended` (`sale_id`);

--
-- Constraints for table `ospos_suppliers`
--
ALTER TABLE `ospos_suppliers`
  ADD CONSTRAINT `ospos_suppliers_ibfk_1` FOREIGN KEY (`person_id`) REFERENCES `ospos_people` (`person_id`);
